Plot_ID,Tray,Entry,Awns,height,lodging,flowering,insect damage,Wax0-9,notes,picture,plants,type,color,rust score,audio,location,Awns,WDR,Wax -4,Awns1,Awning,Wax 4-28,Wax 1-0 4/28,Dh Heads,Select,Wax Heads
R20-UX1990-1,1.1.1,Barley,.,;,,,,,,,,,,,,,,,,,,,,,,
R20-UX1990-2,1.1.2,NC8248-1,+,;;;95-1,-0  is not full row,2020-03-28,,,wax data collected may 6,,,,,,,,,,,,+ ,,,,,
R20-UX1990-3,1.1.3,GA01138-8E36,+,95-1,,2020-04-10,,,,,,,,,,,,,,,+ ,,,,,
R20-UX1990-4,1.1.4,NC8248-1,+,85-1,,2020-03-28,,,,,,,,,,,,,,,+ ,,,,,
R20-UX1990-5,1.2.1,155,+,97.5-1,,2020-03-29,,,,,,,,,,,,,,,,,,,,
R20-UX1990-6,1.2.2,157,+,95-1,,2020-03-30,,,,,,,,,,,,,,,,,,,,
R20-UX1990-7,1.2.3,158,+,115,,2020-04-17,,,,,,,,,,,,,,, Mix ,,,,,
R20-UX1990-8,1.2.4,147,+,110,,2020-04-30,,,,,,,,,,,,,,,,,,,,
R20-UX1990-9,1.3.1,197,+,90,,2020-04-08,,,,,,,,,,,,,,,,,,,,
R20-UX1990-10,1.3.2,195,+,95,,2020-04-01,,,,,,,,,,,,,,,,,,,,
R20-UX1990-11,1.3.3,156,+,85,,2020-04-04,,,,,,,,,,,,,,,,,,,,
R20-UX1990-12,1.3.4,190,+,102.5,,2020-04-29,,,,,,,,,,,,,,,,,,,,
R20-UX1990-13,1.4.1,159,+,90,,2020-04-06,,,,,,,,,,,,,,,,,,,,
R20-UX1990-14,1.4.2,194,+,97.5,,2020-04-24,,,,,,,,,,,,,,,,,,,,
R20-UX1990-15,1.4.3,160,+,95,,2020-04-01,,,,,,,,,,,,,,,,,,,,
R20-UX1990-16,1.4.4,193,+,85,,2020-04-06,,,,,,,,,,,,,,,,,,,,
R20-UX1990-17,1.5.1,154,+,95,,2020-03-27,,,,,,,,,,,,,,,,,,,,
R20-UX1990-18,1.5.2,153,+,95,,2020-04-03,,,,,,,,,,,,,,,,,,,,
R20-UX1990-19,1.5.3,148,+,87.5-0,,2020-04-08,,,,,,,,,,,,,,,,,,,,
R20-UX1990-20,1.5.4,149,+,95,,2020-04-07,,,,,,,,,,,,,,,,,,,,
R20-UX1990-21,1.6.1,181/182,+,90,,2020-03-31,,,,,,,,,,,,,,,,,,,,
R20-UX1990-22,1.6.2,Blank,.,,,,,,,,,,,,,,,,,,,,,,,
R20-UX1990-23,1.6.3,181,+,87.5,,2020-03-31,,,,,,,,,,,,,,,,,,,,
R20-UX1990-24,1.6.4,183,+,105-0,,2020-04-30,,,,,,,,,,,,,,,,,,,,
R20-UX1990-25,1.7.1,199,+,85-0,,2020-04-11,,,,,,,,,,,,,,,,,,,,
R20-UX1990-26,1.7.2,192,+,82.5-0,,2020-04-05,,,,,,,,,,,,,,,,,,,,
R20-UX1990-27,1.7.3,184,+,107.5,,2020-04-27,,,,,,,,,,,,,,,,,,,,
R20-UX1990-28,1.7.4,185,+,92,,2020-04-08,,,,,,,,,,,,,,,,,,,,
R20-UX1990-29,1.8.1,186,+,95-0,,2020-03-30,,,,,,,,,,,,,,,,,,,,
R20-UX1990-30,1.8.2,152,+,80,,2020-03-30,,,,,,,,,,,,,,,,,,,,
R20-UX1990-31,1.8.3,151,+,82.5,,2020-04-05,,,,,,,,,,,,,,,,,,,,
R20-UX1990-32,1.8.4,188,+,95,,2020-04-06,,,,,,,,,,,,,,,,,,,,
R20-UX1990-33,1.9.1,189,+,85,,2020-03-30,,,,,,,,,,,,,,,,,,,,
R20-UX1990-34,1.9.2,GA01138-8E36,+,100,,2020-04-09,,,,,,,,,,,,,,,,,,,,
R20-UX1990-35,1.9.3,150,+,92.5,,2020-04-07,,,,,,,,,,,,,,,,,,,,
R20-UX1990-36,1.9.4,191,+,92.5,,2020-04-28,,,,,,,,,,,,,,,,,,,,
R20-UX1990-37,1.10.1,187,+,90-0,,2020-03-30,,,,,,,,,,,,,,,,,,,,
R20-UX1990-38,1.10.2,176,+,107.5,,2020-04-05,,,,,,,,,,,,,,,,,,,,
R20-UX1990-39,1.10.3,198,+,85,,2020-04-10,,,,,,,,,,,,,,,,,,,,
R20-UX1990-40,1.10.4,200,+,95,,2020-04-04,,,,,,,,,,,,,,,,,,,,
R20-UX1990-41,1.11.1,178,+,97.5,,2020-04-05,,,,,,,,,,,,,,,,,,,,
R20-UX1990-42,1.11.2,146,+,87.5,,2020-03-31,,,,,,,,,,,,,,,,,,,,
R20-UX1990-43,1.11.3,161,+,90,,2020-03-30,,,,,,,,,,,,,,,,,,,,
R20-UX1990-44,1.11.4,145,+,97.5,,2020-03-31,,,,,,,,,,,,,,,,,,,,
R20-UX1990-45,1.12.1,144,+,90,,2020-03-29,,,,,,,,,,,,,,,,,,,,
R20-UX1990-46,1.12.2,162,+,87.5-0,,2020-03-28,,,,,,,,,,,,,,,,,,,,
R20-UX1990-47,1.12.3,NC8248-1,+,100,,2020-03-31,,,,,,,,,,,,,,,,,,,,
R20-UX1990-48,1.12.4,163,+,95,,2020-03-30,,,,,,,,,,,,,,,,,,,,
R20-UX1990-49,1.13.1,171,+,95.5,,2020-03-31,,,,,,,,,,,,,,,,,,,,
R20-UX1990-50,1.13.2,173,+,100,,2020-04-01,,,,,,,,,,,,,,,,,,,,
R20-UX1990-51,1.13.3,174,+,92.5,,2020-03-30,,,,,,,,,,,,,,,,,,,,
R20-UX1990-52,1.13.4,143,+,90,,2020-04-05,,,,,,,,,,,,,,,,,,,,
R20-UX1990-53,1.14.1,164,+,100,,2020-04-02,,,,,,,,,,,,,,,,,,,,
R20-UX1990-54,1.14.2,166,+,82.5,,2020-03-31,,,,,,,,,,,,,,,,,,,,
R20-UX1990-55,1.14.3,167,+,90,,2020-04-07,,,,,,,,,,,,,,,,,,,,
R20-UX1990-56,1.14.4,172,+,95,,2020-04-07,,,,,,,,,,,,,,,,,,,,
R20-UX1990-57,1.15.1,177,+,95,,2020-04-06,,,,,,,,,,,,,,,,,,,,
R20-UX1990-58,1.15.2,175,+,92.5,,2020-04-02,,,,,,,,,,,,,,,,,,,,
R20-UX1990-59,1.15.3,111,+,80-0,,2020-03-27,,,,,,,,,,,,,,,,,,,,
R20-UX1990-60,1.15.4,115,+,90,,2020-04-04,,,,,,,,,,,,,,,,,,,,
R20-UX1990-61,1.16.1,114,+,85,,2020-04-04,,,,,,,,,,,,,,,,,,,,
R20-UX1990-62,1.16.2,116,+,100,,2020-04-04,,,,,,,,,,,,,,,,,,,,
R20-UX1990-63,1.16.3,120,+,92.5,,2020-04-02,,,,,,,,,,,,,,,,,,,,
R20-UX1990-64,1.16.4,107,+,90,,2020-04-06,,,,,,,,,,,,,,,,,,,,
R20-UX1990-65,1.17.1,106,+,85,,2020-04-04,,,,,,,,,,,,,,,,,,,,
R20-UX1990-66,1.17.2,119,+,85-0,,2020-03-30,,,,,,,,,,,,,,,,,,,,
R20-UX1990-67,1.17.3,118,+,102.5,,2020-04-26,,,,,,,,,,,,,,,,,,,,
R20-UX1990-68,1.17.4,GA01138-8E36,+,95,,2020-04-10,,,,,,,,,,,,,,,,,,,,
R20-UX1990-69,1.18.1,117,+,80,,2020-04-07,,,,/storage/emulated/0/fieldBook/plot_data/R20-T1-10_XM/photos/R20-UX1990-69_picture_1_2020-04-24-11-51-24.jpg,,,,,,,,,,,,,,,,
R20-UX1990-70,1.18.2,108,+,90,,2020-04-10,,,,,,,,,,,,,,,,,,,,
R20-UX1990-71,1.18.3,110,+,70,,2020-03-31,,,,,,,,,,,,,,,,,,,,
R20-UX1990-72,1.18.4,180,+,92.5,,2020-05-01,,,,,,,,,,,,,,,,,,,,
R20-UX1990-73,1.19.1,179,+,82.5-0,,2020-04-02,,,,,,,,,,,,,,,,,,,,
R20-UX1990-74,1.19.2,170,+,85,,2020-04-01,,,,,,,,,,,,,,,,,,,,
R20-UX1990-75,1.19.3,NC8248-1,+,85,,2020-03-31,,,,,,,,,,,,,,,,,,,,
R20-UX1990-76,1.19.4,121,+,85-0,,2020-04-08,,,,,,,,,,,,,,,,,,,,
R20-UX1990-77,1.20.1,NC8248-1,+,85,,2020-03-31,,,,,,,,,,,,,,,,,,,,
R20-UX1990-78,1.20.2,123,+,110-0,,2020-04-25,,,,,,,,,,,,,,,,,,,,
R20-UX1990-79,1.20.3,136,+,100-0,,2020-04-06,,,,,,,,,,,,,,,,,,,,
R20-UX1990-80,1.20.4,138,+,97.5,,2020-04-05,,,,,,,,,,,,,,,,,,,,
R20-UX1990-81,2.1.1,Barley,.,,,,,,,,,,,,,,,,,,,,,,,
R20-UX1990-82,2.1.2,GA01138-8E36,+,100,,2020-04-08,,,,,,,,,,,,,,,,,,,,
R20-UX1990-83,2.1.3,NC8248-1,+,82.5,,2020-03-29,,,,,,,,,,,,,,,,,,,,
R20-UX1990-84,2.1.4,GA01138-8E36,+,95,,2020-04-10,,,,,,,,,,,,,,,,,,,,
R20-UX1990-85,2.2.1,165,+,95-0,,2020-04-03,,,,/storage/emulated/0/fieldBook/plot_data/R20-T1-10_XM/photos/R20-UX1990-85_picture_1_2020-04-16-11-36-12.jpg,,,,,,,,,,,,,,,,
R20-UX1990-86,2.2.2,124,+,95-0,,2020-03-31,,,,,,,,,,,,,,,,,,,,
R20-UX1990-87,2.2.3,169,+,87.5,,2020-04-04,,,,,,,,,,,,,,,,,,,,
R20-UX1990-88,2.2.4,125,+,95,,2020-05-02,,,,,,,,,,,,,,,,,,,,
R20-UX1990-89,2.3.1,126,+,92.5-0,,2020-04-09,,,,,,,,,,,,,,,,,,,,
R20-UX1990-90,2.3.2,168,+,95,,2020-04-08,,,,,,,,,,,,,,,,,,,,
R20-UX1990-91,2.3.3,128,+,87.5,,2020-04-15,,,,,,,,,,,,,,,,,,,,
R20-UX1990-92,2.3.4,129,+,85,,2020-04-06,,,,,,,,,,,,,,,,,,,,
R20-UX1990-93,2.4.1,130,+,102.5,,2020-04-27,,,,,,,,,,,,,,,,,,,,
R20-UX1990-94,2.4.2,131,+,95-0,,2020-03-31,,,,,,,,,,,,,,,,,,,,
R20-UX1990-95,2.4.3,127,+,90,,2020-04-01,,,,,,,,,,,,,,,,,,,,
R20-UX1990-96,2.4.4,132,+,87.5-0,,2020-04-06,,,,,,,,,,,,,,,,,,,,
R20-UX1990-97,2.5.1,133,+,92.5,,2020-04-06,,,,,,,,,,,,,,,,,,,,
R20-UX1990-98,2.5.2,139,+,90,,2020-04-01,,,,,,,,,,,,,,,,,,,,
R20-UX1990-99,2.5.3,137,+,85,,2020-04-05,,,,,,,,,,,,,,,,,,,,
R20-UX1990-100,2.5.4,140,+,95,,2020-04-14,,,,,,,,,,,,,,,,,,,,
R20-UX1990-101,2.6.1,142,+,100,,2020-04-27,,,,,,,,,,,,,,,,,,,,
R20-UX1990-102,2.6.2,141,+,105,,2020-04-28,,,,,,,,,,,,,,,,,,,,
R20-UX1990-103,2.6.3,113,+,87.5-0,,2020-03-29,,,,,,,,,,,,,,,,,,,,
R20-UX1990-104,2.6.4,134,+,90-0,,2020-04-04,,,,,,,,,,,,,,,,,,,,
R20-UX1990-105,2.7.1,75,+,100,,2020-04-13,,,,,,,,,,,,,,,,,,,,
R20-UX1990-106,2.7.2,135,+,85-0,,2020-04-07,,,,,,,,,,,,,,,,,,,,
R20-UX1990-107,2.7.3,76,+,87.5,,2020-04-13,,,,,,,,,,,,,,,,,,,,
R20-UX1990-108,2.7.4,77,+,110,,2020-04-27,,,,,,,,,,,,,,,,,,,,
R20-UX1990-109,2.8.1,101,+,87.8,,2020-04-08,,,,,,,,,,,,,,,,,,,,
R20-UX1990-110,2.8.2,60,+,97.5,,2020-04-07,,,,,,,,,,,,,,,,,,,,
R20-UX1990-111,2.8.3,102,+,92.5,,2020-04-06,,,,,,,,,,,,,,,,,,,,
R20-UX1990-112,2.8.4,42,+,87.5-0,,2020-04-14,,,,,,,,,,,,,,,,,,,,
R20-UX1990-113,2.9.1,45,+,85-0,,2020-04-08,,,,,,,,,,,,,,,,,,,,
R20-UX1990-114,2.9.2,43,+,95,,2020-03-30,,,,,,,,,,,,,,,,,,,,
R20-UX1990-115,2.9.3,44,+,92.5,,2020-04-06,,,,,,,,,,,,,,,,,,,,
R20-UX1990-116,2.9.4,41,+,107.5,,2020-04-30,,,,,,,,,,,,,,,,,,,,
R20-UX1990-117,2.10.1,47,+,87.5,,2020-04-01,,,,,,,,,,,,,,,,,,,,
R20-UX1990-118,2.10.2,NC8248-1,+,85,,2020-03-29,,,,,,,,,,,,,,,,,,,,
R20-UX1990-119,2.10.3,48,+,87.5,,2020-03-30,,,,,,,,,,,,,,,,,,,,
R20-UX1990-120,2.10.4,46,+,82.5-0,,2020-04-10,,,,,,,,,,,,,,,,,,,,
R20-UX1990-121,2.11.1,57,+,117.5,,2020-04-28,,,,,,,,,,,,,,,,,,,,
R20-UX1990-122,2.11.2,GA01138-8E36,+,100,,2020-04-09,,,,,,,,,,,,,,,,,,,,
R20-UX1990-123,2.11.3,49,+,90,,2020-04-05,,,,,,,,,,,,,,,,,,,,
R20-UX1990-124,2.11.4,50,+,97.5,,2020-04-10,,,,,,,,,,,,,,,,,,,,
R20-UX1990-125,2.12.1,105,+,85-0,,2020-04-06,,,,,,,,,,,,,,,,,,,,
R20-UX1990-126,2.12.2,52,+,95,,2020-04-06,,,,,,,,,,,,,,,,,,,,
R20-UX1990-127,2.12.3,51,+,92.5,,2020-04-06,,,,,,,,,,,,,,,,,,,,
R20-UX1990-128,2.12.4,104,+,90,,2020-04-08,,,,,,,,,,,,,,,,,,,3,
R20-UX1990-129,2.13.1,53,+,82.5,,2020-03-30,,,,/storage/emulated/0/fieldBook/plot_data/R20-T1-10_XM/photos/R20-UX1990-129_picture_3_2020-04-24-11-53-48.jpg,,,,,,,,,,,,,,,,
R20-UX1990-130,2.13.2,54,+,100,,,,,,,,,,,,,,,,,,,,,,
R20-UX1990-131,2.13.3,58,+,92.5,,,,,,,,,,,,,,,,,,,,,,
R20-UX1990-132,2.13.4,59,+,95,,2020-04-09,,,,,,,,,,,,,,,,,,,,
R20-UX1990-133,2.14.1,55,+,90,,2020-04-08,,,,,,,,,,,,,,,,,,,,
R20-UX1990-134,2.14.2,56,+,108,,2020-04-09,,,,,,,,,,,,,,,,,,,,
R20-UX1990-135,2.14.3,NC8248-1,+,85,,2020-03-30,,,,,,,,,,,,,,,,,,,,
R20-UX1990-136,2.14.4,27,+,90-0,,2020-04-09,,,,,,,,,,,,,,,,,,,,
R20-UX1990-137,2.15.1,103,+,95,,2020-04-09,,,,,,,,,,,,,,,,,,,,
R20-UX1990-138,2.15.2,80,+,85,,2020-04-03,,,,,,,,,,,,,,,,,,,,
R20-UX1990-139,2.15.3,79,+,87.5,,2020-03-29,,,,,,,,,,,,,,,,,,,,
R20-UX1990-140,2.15.4,78,+,87.5,,2020-04-08,,,,,,,,,,,,,,,,,,,,
R20-UX1990-141,2.16.1,75,+,95,,2020-04-03,,,,,,,,,,,,,,,,,,,,
R20-UX1990-142,2.16.2,GA01138-8E36,+,100,,2020-04-09,,,,,,,,,,,,,,,,,,,,
R20-UX1990-143,2.16.3,73,+,90,,2020-04-08,,,,,,,,,,,,,,,,,,,,
R20-UX1990-144,2.16.4,32,+,95,,2020-04-29,,,,,,,,,,,,,,,,,,,,
R20-UX1990-145,2.17.1,29,+,92.5,,2020-05-01,,,,,,,,,,,,,,,,,,,,
R20-UX1990-146,2.17.2,33,+,90,,2020-04-10,,,,,,,,,,,,,,,,,,,,
R20-UX1990-147,2.17.3,34,+,92.5,,2020-04-04,,,,,,,,,,,,,,,,,,,,
R20-UX1990-148,2.17.4,72,+,85,,2020-04-17,,,,,,,,,,,,,,,,,,,,
R20-UX1990-149,2.18.1,71,+,100,,2020-05-01,,,,,,,,,,,,,,,,,,,,
R20-UX1990-150,2.18.2,21,+,80,,2020-04-06,,,,,,,,,,,,,,,,,,,,
R20-UX1990-151,2.18.3,70,+,92.5,,2020-04-06,,,,,,,,,,,,,,,,,,,,
R20-UX1990-152,2.18.4,22,+,95,,2020-04-05,,,,,,,,,,,,,,,,,,,,
R20-UX1990-153,2.19.1,23,+,,,,,,dead check notes,,,,,,,,,,,,,,,,,
R20-UX1990-154,2.19.2,24,+,95,,2020-04-08,,,,,,,,,,,,,,,,,,,,
R20-UX1990-155,2.19.3,25,+,95-0,,2020-04-09,,,,,,,,,,,,,,,,,,,,
R20-UX1990-156,2.19.4,26,+,90-0,,2020-04-09,,,,,,,,,,,,,,,,,,,,
R20-UX1990-157,2.20.1,35,+,105,,2020-04-12,,,,,,,,,,,,,,,,,,,,
R20-UX1990-158,2.20.2,69,+,92.5-0,,2020-04-11,,,,,,,,,,,,,,,,,,,,
R20-UX1990-159,2.20.3,30,+,90,,2020-04-05,,,,,,,,,,,,,,,,,,,,
R20-UX1990-160,2.20.4,31,+,77.5,,2020-03-30,,,,,,,,,,,,,,,,,,,,
R20-UX1990-161,3.1.1,Barley,.,,,,,,,,,,,,,,,,,,,,,,,
R20-UX1990-162,3.1.2,NC8248-1,+,90,,2020-03-29,,,,,,,,,,,,,,,,,,,,
R20-UX1990-163,3.1.3,GA01138-8E36,+,100,,2020-04-08,,,,,,,,,,,,,,,,,,,,
R20-UX1990-164,3.1.4,NC8248-1,+,90,,2020-03-30,,,,,,,,,,,,,,,,,,,,
R20-UX1990-165,3.2.1,28,+,90-0,,2020-04-06,,,,,,,,,,,,,,,,,,,,
R20-UX1990-166,3.2.2,85,+,92.5,,2020-04-14,,,,,,,,,,,,,,,,,,,,
R20-UX1990-167,3.2.3,38,+,90-0,,,,,,,,,,,,,,,,,,,,,,
R20-UX1990-168,3.2.4,40,+,90,,2020-04-07,,,,,,,,,,,,,,,,,,,,
R20-UX1990-169,3.3.1,39,+,75-0,,2020-04-14,,,,,,,,,,,,,,,,,,,,
R20-UX1990-170,3.3.2,37,+,92.5-0,,2020-05-01,,,,,,,,,,,,,,,,,,,,
R20-UX1990-171,3.3.3,93,+,80,,2020-04-06,,,,,,,,,,,,,,,,,,,,
R20-UX1990-172,3.3.4,82,+,95,,2020-04-12,,,,,,,,,,,,,,,,,,,,
R20-UX1990-173,3.4.1,1,+,90,,2020-05-02,,,,,,,,,,,,,,,,,,,,
R20-UX1990-174,3.4.2,36,+,82.5,,2020-04-04,,,,,,,,,,,,,,,,,,,,
R20-UX1990-175,3.4.3,2,+,112.5,,2020-04-29,,,,,,,,,,,,,,,,,,,,
R20-UX1990-176,3.4.4,3,+,90,,2020-04-07,,,,,,,,,,,,,,,,,,,,
R20-UX1990-177,3.5.1,4,+,82,,2020-04-07,,,,,,,,,,,,,,,,,,,,
R20-UX1990-178,3.5.2,6,+,80,,2020-04-07,,,,,,,,,,,,,,,,,,,,
R20-UX1990-179,3.5.3,7,+,92.5,,2020-04-03,,,,,,,,,,,,,,,,,,,,
R20-UX1990-180,3.5.4,5,+,85,,2020-04-12,,,,,,,,,,,,,,,,,,,,
R20-UX1990-181,3.6.1,8,+,85,,2020-04-07,,,,,,,,,,,,,,,,,,,,
R20-UX1990-182,3.6.2,9,+,92.5,,2020-04-10,,,,,,,,,,,,,,,,,,,,
R20-UX1990-183,3.6.3,87,+,90,,2020-03-30,,,,,,,,,,,,,,,,,,,,
R20-UX1990-184,3.6.4,10,+,100,,2020-04-11,,,,,,,,,,,,,,,,,,,,
R20-UX1990-185,3.7.1,11,+,100,,2020-04-14,,,,,,,,,,,,,,,,,,,,
R20-UX1990-186,3.7.2,13,+,110,,2020-04-29,,,,,,,,,,,,,,,,,,,,
R20-UX1990-187,3.7.3,15,+,95,,2020-03-31,,,,,,,,,,,,,,,,,,,,
R20-UX1990-188,3.7.4,16,+,87.5,,2020-04-07,,,,,,,,,,,,,,,,,,,,
R20-UX1990-189,3.8.1,18,+,97.5,,2020-04-05,,,,,,,,,,,,,,,,,,,,
R20-UX1990-190,3.8.2,19,+,90,,2020-03-31,,,,,,,,,,,,,,,,,,,,
R20-UX1990-191,3.8.3,83,+,95,,2020-04-06,,,,,,,,,,,,,,,,,,,,
R20-UX1990-192,3.8.4,84,+,92.5,,2020-04-07,,,,,,,,,,,,,,,,,,,,
R20-UX1990-193,3.9.1,89,+,105,,2020-05-02,,,,,,,,,,,,,,,,,,,,
R20-UX1990-194,3.9.2,81,+,87.5-0,,2020-04-07,,,,,,,,,,,,,,,,,,,,
R20-UX1990-195,3.9.3,68,+,105,,2020-04-28,,,,,,,,,,,,,,,,,,,,
R20-UX1990-196,3.9.4,20,+,90-0,,2020-04-05,,,,,,,,,,,,,,,,,,,,
R20-UX1990-197,3.10.1,GA01138-8E36,+,92,,2020-04-10,,,,,,,,,,,,,,,,,,,,
R20-UX1990-198,3.10.2,17,+,92.5,,2020-04-07,,,,,,,,,,,,,,,,,,,,
R20-UX1990-199,3.10.3,94,+,82.5-0,,2020-04-01,,,,,,,,,,,,,,,,,,,,
R20-UX1990-200,3.10.4,97,+,95-0,,2020-04-14,,,,,,,,,,,,,,,,,,,,
R20-UX1990-201,3.11.1,98,+,85,,2020-04-01,,,,,,,,,,,,,,,,,,,,
R20-UX1990-202,3.11.2,99,+,95,,2020-04-05,,,,,,,,,,,,,,,,,,,,
R20-UX1990-203,3.11.3,NC8248-1,+,90,,2020-04-01,,,,,,,,,,,,,,,,,,,,
R20-UX1990-204,3.11.4,100,+,85,,2020-04-11,,,,,,,,,,,,,,,,,,,,
R20-UX1990-205,3.12.1,201,+,85-0,,2020-04-02,,,,,,,,,,,,,,,,,,,,
R20-UX1990-206,3.12.2,96,+,95,,2020-04-02,,,,,,,,,,,,,,,,,,,,
R20-UX1990-207,3.12.3,202,+,100,,2020-04-05,,,,,,,,,,,,,,,,,,,,
R20-UX1990-208,3.12.4,203,+,90,,2020-04-06,,,,,,,,,,,,,,,,,,,,
R20-UX1990-209,3.13.1,92,+,92.5,,2020-04-04,,,,,,,,,,,,,,,,,,,,
R20-UX1990-210,3.13.2,204,+,92.5,,2020-03-30,,,,,,,,,,,,,,,,,,,,
R20-UX1990-211,3.13.3,91,+,90-0,,2020-04-08,,,,,,,,,,,,,,,,,,,,
R20-UX1990-212,3.13.4,90,+,80,,2020-04-05,,,,,,,,,,,,,,,,,,,,
R20-UX1990-213,3.14.1,88,+,105,,2020-04-06,,,,,,,,,,,,,,,,,,,,
R20-UX1990-214,3.14.2,86,+,102.5,,2020-04-07,,,,,,,,,,,,,,,,,,,,
R20-UX1990-215,3.14.3,67,+,100,,2020-04-09,,,,,,,,,,,,,,,,,,,,
R20-UX1990-216,3.14.4,66,+,92.5,,2020-04-07,,,,,,,,,,,,,,,,,,,,
R20-UX1990-217,3.15.1,65,+,100,,2020-04-08,,,,,,,,,,,,,,,,,,,,
R20-UX1990-218,3.15.2,64,+,100,,2020-04-04,,,,,,,,,,,,,,,,,,,,
R20-UX1990-219,3.15.3,63,+,92.5,,2020-04-09,,,,,,,,,,,,,,,,,,,,
R20-UX1990-220,3.15.4,61,+,85-0,,2020-04-12,,,,,,,,,,,,,,,,,,,,
R20-UX1990-221,3.16.1,62,+,110,,2020-04-28,,,,,,,,,,,,,,,,,,,,
R20-UX1990-222,3.16.2,14,+,105,,2020-04-10,,,,,,,,,,,,,,,,,,,,
R20-UX1990-223,3.16.3,Blank,.,,,,,,,,,,,,,,,,,,,,,,,
R20-UX1990-224,3.16.4,Blank,.,,,,,,,,,,,,,,,,,,,,,,,
R20-UX2029-225,3.17.1,GA06493-13LE6,+,92.5,,2020-04-08,,,,/storage/emulated/0/fieldBook/plot_data/R20-T1-10_XM/photos/R20-UX2029-225_picture_2_2020-04-24-11-58-41.jpg,,,,,,,,,,,+ ,,,,,
R20-UX2029-226,3.17.2,GA01138-8E36,+,92,,2020-04-10,,,,,,,,,,,,,,,+ ,,,,,
R20-UX2029-227,3.17.3,NC8248-1,+,95,,2020-03-29,,,,,,,,,,,,,,,+ ,,,,,
R20-UX2029-228,3.17.4,MPV57,-,82.5,,2020-04-10,,,,,,,,,,,,,,, -,,,,,
R20-UX2029-229,3.18.1,86,+,92.5,,2020-04-10,,,,,,,,,,,,,,,+ ,,,,,
R20-UX2029-230,3.18.2,95,-,70-0,,2020-04-10,,,,,,,,,,,,,,, -,,,,,
R20-UX2029-231,3.18.3,97,-,75-0,,2020-04-09,,,,,,,,,,,,,,, -,,,,,
R20-UX2029-232,3.18.4,96,-,87.5,,2020-04-08,,,,,,,,,,,,,,, -,,,,,
R20-UX2029-233,3.19.1,98,-,95-0,,2020-04-07,,,,,,,,,,,,,,, -,,,,,
R20-UX2029-234,3.19.2,94,-,90-0,,2020-04-10,,,,,,,,,,,,,,,+ ,,,,,
R20-UX2029-235,3.19.3,99,-,95,,2020-04-08,,,,,,,,,,,,,,, -,,,,,
R20-UX2029-236,3.19.4,93,-,92.5-0,,2020-04-11,,,,,,,,,,,,,,, -,,,,,
R20-UX2029-237,3.20.1,68,-,95-0,,2020-04-06,,,,,,,,,,,,,,, -,,,,,
R20-UX2029-238,3.20.2,92,-,100,,2020-04-11,,,,,,,,,,,,,,, -,,,,,
R20-UX2029-239,3.20.3,91,-,90-0,,2020-04-10,,,,,,,,,,,,,,, -,,,,,
R20-UX2029-240,3.20.4,62,-,67.5,,2020-04-08,,,,,,,,,,,,,,, -,,,,,
R20-UX2029-241,4.1.1,Barley,.,,,,,,,,,,,,,,,,,,,,,,,
R20-UX2029-242,4.1.2,MPV57,-,85,,2020-04-08,,,,,,,,,,,,,,, -,,,,,
R20-UX2029-243,4.1.3,GA06493-13LE6,+,87.5,,2020-04-09,,,,,,,,,,,,,,,+ ,,,,,
R20-UX2029-244,4.1.4,MPV57,-,90,,2020-04-09,,,,,,,,,,,,,,, -,,,,,
R20-UX2029-245,4.2.1,61,-,102.5,,2020-04-08,,,,,,,,,,,,,,, Mix ,,,,,
R20-UX2029-246,4.2.2,71,-,72.5,,2020-04-07,,,,,,,,,,,,,,, -,,,,,
R20-UX2029-247,4.2.3,63,-,90,,2020-04-09,,,,,,,,,,,,,,, -,,,,,
R20-UX2029-248,4.2.4,90,+,100-0,,2020-04-08,,,,,,,,,,,,,,, Mix ,,,,,
R20-UX2029-249,4.3.1,73,-,90,,2020-04-11,,,,,,,,,,,,,,, -,,,,,
R20-UX2029-250,4.3.2,72,-,80-0,,2020-04-11,,,,,,,,,,,,,,, -,,,,,
R20-UX2029-251,4.3.3,70,-,100,,2020-04-06,,,,,,,,,,,,,,, -,,,,,
R20-UX2029-252,4.3.4,87,+,75,,2020-04-09,,,,,,,,,,,,,,,+ ,,,,,
R20-UX2029-253,4.4.1,69,-,70-0,,2020-04-14,,,,,,,,,,,,,,, -,,,,,
R20-UX2029-254,4.4.2,88,+,92.5,,2020-04-08,,,,,,,,,,,,,,, Mix ,,,,,
R20-UX2029-255,4.4.3,64,-,70,,2020-04-09,,,,,,,,,,,,,,, -,,,,,
R20-UX2029-256,4.4.4,89,+,95-0,,2020-04-15,,,,,,,,,,,,,,,+ ,,,,,
R20-UX2029-257,4.5.1,66,-,72.5,,2020-04-10,,,,,,,,,,,,,,, -,,,,,
R20-UX2029-258,4.5.2,65,-,90,,2020-04-06,,,,,,,,,,,,,,, -,,,,,
R20-UX2029-259,4.5.3,78,-,82.5,,2020-04-12,,,,,,,,,,,,,,, -,,,,,
R20-UX2029-260,4.5.4,79,-,75-0,,2020-04-08,,,,,,,,,,,,,,, -,,,,,
R20-UX2029-261,4.6.1,49,+,72.5,,2020-04-07,,,,,,,,,,,,,,,+ ,,,,,
R20-UX2029-262,4.6.2,77,-,97.5-0,,2020-04-09,,,,,,,,,,,,,,, -,,,,,
R20-UX2029-263,4.6.3,76,-,90,,2020-04-08,,,,,,,,,,,,,,, -,,,,,
R20-UX2029-264,4.6.4,80,-,57.5-0,,2020-04-10,,,,,,,,,,,,,,, -,,,,,
R20-UX2029-265,4.7.1,75,-,75,,2020-04-11,,,,,,,,,,,,,,, -,,,,,
R20-UX2029-266,4.7.2,74,-,80-0,,2020-04-11,,,,,,,,,,,,,,, -,,,,,
R20-UX2029-267,4.7.3,85,+,80,,2020-04-07,,,,,,,,,,,,,,,+ ,,,,,
R20-UX2029-268,4.7.4,81,+,60-0,,2020-04-09,,,,,,,,,,,,,,,+ ,,,,,
R20-UX2029-269,4.8.1,40,-,82.5,,2020-04-07,,,,,,,,,,,,,,, -,,,,,
R20-UX2029-270,4.8.2,39,-,67.5,,2020-04-11,,,,,,,,,,,,,,, -,,,,,
R20-UX2029-271,4.8.3,38,-,90,,2020-04-08,,,,,,,,,,,,,,, -,,,,,
R20-UX2029-272,4.8.4,37,-,85-0,,2020-04-09,,,,,,,,,,,,,,, -,,,,,
R20-UX2029-273,4.9.1,41,+,87.5,,2020-04-11,,,,,,,,,,,,,,,+ ,,,,,
R20-UX2029-274,4.9.2,45,+,85,,2020-04-11,,,,,,,,,,,,,,,+ ,,,,,
R20-UX2029-275,4.9.3,48,+,92.5,,2020-04-09,,,,,,,,,,,,,,,+ ,,,,,
R20-UX2029-276,4.9.4,50,+,92.5,,2020-04-08,,,,,,,,,,,,,,,+ ,,,,,
R20-UX2029-277,4.10.1,44,+,80,,2020-04-10,,,,,,,,,,,,,,,+ ,,,,,
R20-UX2029-278,4.10.2,36,-,95,,2020-04-08,,,,,,,,,,,,,,, -,,,,,
R20-UX2029-279,4.10.3,46,+,80,,2020-04-08,,,,,,,,,,,,,,,+ ,,,,,
R20-UX2029-280,4.10.4,47,+,82.5,,2020-04-08,,,,,,,,,,,,,,,+ ,,,,,
R20-UX2029-281,4.11.1,52,+,85,,2020-04-08,,,,,,,,,,,,,,,+ ,,,,,
R20-UX2029-282,4.11.2,6,+,90,,2020-04-10,,,,,,,,,,,,,,,+ ,,,,,
R20-UX2029-283,4.11.3,11,+,80,,2020-04-07,,,,,,,,,,,,,,,+ ,,,,,
R20-UX2029-284,4.11.4,53,+,85,,2020-04-08,,,,,,,,,,,,,,,+ ,,,,,
R20-UX2029-285,4.12.1,54,+,65,,2020-04-11,,,,,,,,,,,,,,,+ ,,,,,
R20-UX2029-286,4.12.2,13,+,82.5,,2020-04-09,,,,,,,,,,,,,,,+ ,,,,,
R20-UX2029-287,4.12.3,55,+,77.5,,2020-04-11,,,,,,,,,,,,,,,+ ,,,,,
R20-UX2029-288,4.12.4,51,+,70,,2020-04-10,,,,,,,,,,,,,,,+ ,,,,,
R20-UX2029-289,4.13.1,MPV57,-,77.5,,2020-04-09,,,,,,,,,,,,,,, -,,,,,
R20-UX2029-290,4.13.2,56,+,70,,2020-04-09,,,,,,,,,,,,,,,+ ,,,,,
R20-UX2029-291,4.13.3,57,+,90,,2020-04-08,,,,,,,,,,,,,,,+ ,,,,,
R20-UX2029-292,4.13.4,35,-,77.5,,2020-04-08,,,,,,,,,,,,,,, -,,,,,
R20-UX2029-293,4.14.1,58,+,90,,2020-04-10,,,,,,,,,,,,,,,+ ,,,,,
R20-UX2029-294,4.14.2,34,-,95-0,,2020-04-07,,,,,,,,,,,,,,, -,,,,,
R20-UX2029-295,4.14.3,GA06493-13LE6,+,87.5,,2020-04-07,,,,,,,,,,,,,,,+ ,,,,,
R20-UX2029-296,4.14.4,33,-,85,,2020-04-09,,,,,,,,,,,,,,, Mix ,,,,,
R20-UX2029-297,4.15.1,32,-,75,,2020-04-09,,,,,,,,,,,,,,, -,,,,,
R20-UX2029-298,4.15.2,31,-,80,,2020-04-10,,,,,,,,,,,,,,, -,,,,,
R20-UX2029-299,4.15.3,1,-,92.5,,2020-04-09,,,,,,,,,,,,,,, -,,,,,
R20-UX2029-300,4.15.4,2,+,77.5,,2020-04-10,,,,,,,,,,,,,,,+ ,,,,,
R20-UX2029-301,4.16.1,59,+,72.5,,2020-04-11,,,,,,,,,,,,,,,+ ,,,,,
R20-UX2029-302,4.16.2,60,+,70,,2020-04-14,,,,,,,,,,,,,,,+ ,,,,,
R20-UX2029-303,4.16.3,3,+,70,,2020-04-11,,,,,,,,,,,,,,,+ ,,,,,
R20-UX2029-304,4.16.4,14,+,90-0,,2020-04-07,,,,,,,,,,,,,,,+ ,,,,,
R20-UX2029-305,4.17.1,15,+,92.5,,2020-04-12,,,,,,,,,,,,,,,+ ,,,,,
R20-UX2029-306,4.17.2,12,+,72.5-0,,2020-04-07,,,,,,,,,,,,,,,+ ,,,,,
R20-UX2029-307,4.17.3,103,+,77.5-0,,2020-04-10,,,,,,,,,,,,,,,+ ,,,,,
R20-UX2029-308,4.17.4,102,+,75-0,,2020-04-10,,,,,,,,,,,,,,,+ ,,,,,
R20-UX2029-309,4.18.1,10,+,90,,2020-04-09,,,,,,,,,,,,,,,+ ,,,,,
R20-UX2029-310,4.18.2,4,+,92.5,,2020-04-07,,,,,,,,,,,,,,,+ ,,,,,
R20-UX2029-311,4.18.3,7,+,57.5-0,,2020-04-10,,,,,,,,,,,,,,,+ ,,,,,
R20-UX2029-312,4.18.4,9,-,67.5-0,,2020-04-11,,,,,,,,,,,,,,, -,,,,,
R20-UX2029-313,4.19.1,22,+,72.5,,2020-04-10,,,,,,,,,,,,,,,+ ,,,,,
R20-UX2029-314,4.19.2,8,+,80,,2020-04-08,,,,,,,,,,,,,,,+ ,,,,,
R20-UX2029-315,4.19.3,17,+,65,,2020-04-09,,,,,,,,,,,,,,,+ ,,,,,
R20-UX2029-316,4.19.4,18,+,85,,2020-04-09,,,,,,,,,,,,,,,+ ,,,,,
R20-UX2029-317,4.20.1,19,+,70,,2020-04-10,,,,,,,,,,,,,,,+ ,,,,,
R20-UX2029-318,4.20.2,104,-,82.5-0,,2020-04-10,,,,,,,,,,,,,,, -,,,,,
R20-UX2029-319,4.20.3,16,+,80,,2020-04-10,,,,,,,,,,,,,,,+ ,,,,,
R20-UX2029-320,4.20.4,20,+,62.5-0,,2020-04-12,,,,,,,,,,,,,,,+ ,,,,,
R20-UX2029-321,5.1.1,Barley,.,,,,,,,,,,,,,,,,,,,,,,,
R20-UX2029-322,5.1.2,GA06493-13LE6,+,90,,2020-04-08,,,,,,,,,,,,,,,+ ,,,,,
R20-UX2029-323,5.1.3,MPV57,-,85,,2020-04-08,,,,,,,,,,,,,,, -,,,,,
R20-UX2029-324,5.1.4,GA06493-13LE6,+,80,,2020-04-09,,,,,,,,,,,,,,,+ ,,,,,
R20-UX2029-325,5.2.1,5,+,67.5-0,,2020-04-10,,,,,,,,,,,,,,,+ ,,,,,
R20-UX2029-326,5.2.2,23,-,85-0,,2020-04-06,,,,,,,,,,,,,,, -,,,,,
R20-UX2029-327,5.2.3,21,+,92.5,,2020-04-15,,,,,,,,,,,,,,,+ ,,,,,
R20-UX2029-328,5.2.4,30,-,72.5,,2020-04-12,,,,,,,,,,,,,,, -,,,,,
R20-UX2029-329,5.3.1,29,-,80,,2020-04-07,,,,,,,,,,,,,,, -,,,,,
R20-UX2029-330,5.3.2,24,-,77.5,,2020-04-07,,,,,,,,,,,,,,, -,,,,,
R20-UX2029-331,5.3.3,109,-,85,,2020-04-08,,,,,,,,,,,,,,,+ ,,,,,
R20-UX2029-332,5.3.4,27,-,70,,2020-04-15,,,,,,,,,,,,,,, Mix ,,,,,
R20-UX2029-333,5.4.1,101,+,80,,2020-04-10,,,,,,,,,,,,,,,+ ,,,,,
R20-UX2029-334,5.4.2,106,-,85-0,,2020-04-06,,,,,,,,,,,,,,, -,,,,,
R20-UX2029-335,5.4.3,107,-,90-0,,2020-04-08,,,,,,,,,,,,,,, -,,,,,
R20-UX2029-336,5.4.4,25,-,77.5,,2020-04-14,,,,,,,,,,,,,,, -,,,,,
R20-UX2029-337,5.5.1,108,-,90,,2020-04-11,,,,,,,,,,,,,,,+ ,,,,,
R20-UX2029-338,5.5.2,26,-,87.5,,2020-04-10,,,,,,,,,,,,,,, Mix ,,,,,
R20-UX2029-339,5.5.3,Blank,.,,,,,,,,,,,,,,,,,,,,,,,
R20-UX2029-340,5.5.4,Blank,.,,,,,,,,,,,,,,,,,,,,,,,
R20-UX1992-341,5.6.1,MPV57,-,77.5,,2020-04-10,,,,/storage/emulated/0/fieldBook/plot_data/R20-T1-10_XM/photos/R20-UX1992-341_picture_2_2020-04-24-12-05-24.jpg,,,,,,,,,,, -,4,1,,,
R20-UX1992-342,5.6.2,Hillard,+,77.5-0,,2020-04-08,,,,,,,,,,,,,,,+ ,1,0,,,
R20-UX1992-343,5.6.3,GA06493-13LE6,+,82.5,,2020-04-09,,,,,,,,,,,,,,,+ ,4,1,,,
R20-UX1992-344,5.6.4,Hillard,+,80,,2020-04-08,,,,,,,,,,,,,,,+ ,1,0,,,
R20-UX1992-345,5.7.1,148,+,75,,2020-04-12,,,,,,,,,,,,,,,,1,1,,,
R20-UX1992-346,5.7.2,191,+,85,,2020-04-06,,,,,,,,,,,,,,,,4,1,,,
R20-UX1992-347,5.7.3,141,+,92.5,,2020-04-09,,,,,,,,,,,,,,,,1,1,,,
R20-UX1992-348,5.7.4,192,+,75,,2020-04-11,,,,,,,,,,,,,,,,1,0,,,
R20-UX1992-349,5.8.1,193,+,80,,2020-04-10,,,,,,,,,,,,,,,,2,0,,,
R20-UX1992-350,5.8.2,179,+,80,,2020-04-12,,,,,,,,,,,,,,,,,1,,,
R20-UX1992-351,5.8.3,178,+,80-0,,2020-04-07,,,,,,,,,,,,,,,,2,0,,,
R20-UX1992-352,5.8.4,177,+,72.5,,2020-04-17,,,,,,,,,,,,,,,,3,1,,,
R20-UX1992-353,5.9.1,176,+,80,,2020-04-10,,,,,,,,,,,,,,,,2,1,,,
R20-UX1992-354,5.9.2,175,+,87.5,,2020-04-15,,,,,,,,,,,,,,,,4,0,,,
R20-UX1992-355,5.9.3,174,+,85,,2020-04-15,,,,,,,,,,,,,,,,2,1,,,
R20-UX1992-356,5.9.4,195,+,85,,2020-04-10,,,,,,,,,,,,,,,,4,0,,,
R20-UX1992-357,5.10.1,197,+,87.5,,2020-04-07,,,,,,,,,,,,,,,,3,0,,,
R20-UX1992-358,5.10.2,198,+,77.5,,2020-04-10,,,,,,,,,,,,,,,,3,,,,
R20-UX1992-359,5.10.3,199,+,82.5,,2020-04-11,,,,,,,,,,,,,,,,3,0,,,
R20-UX1992-360,5.10.4,161,+,80-0,,2020-04-12,,,,,,,,,,,,,,,,2,0,,,
R20-UX1992-361,5.11.1,162,+,80-0,,2020-04-10,,,,,,,,,,,,,,,,2,1,,,
R20-UX1992-362,5.11.2,163,+,77.5,,2020-04-08,,,,,,,,,,,,,,,,2,0,,,
R20-UX1992-363,5.11.3,196,+,80,,2020-04-12,,,,,,,,,,,,,,,,2,0,,,
R20-UX1992-364,5.11.4,164,+,75-0,,2020-04-11,,,,,,,,,,,,,,,,2,1,,,
R20-UX1992-365,5.12.1,165,+,85-0,,2020-04-15,,,,,,,,,,,,,,,,3,1,,,
R20-UX1992-366,5.12.2,166,+,75,,2020-04-10,,,,,,,,,,,,,,,,2,0,,,
R20-UX1992-367,5.12.3,168,+,82.5,,2020-04-11,,,,,,,,,,,,,,,,2,0,,,
R20-UX1992-368,5.12.4,169,+,85-0,,2020-04-11,,,,,,,,,,,,,,,,3,0,,,
R20-UX1992-369,5.13.1,167,+,75,,2020-04-09,,,,,,,,,,,,,,,,4,1,,,
R20-UX1992-370,5.13.2,170,+,85-0,,2020-04-08,,,,,,,,,,,,,,,,2,0,,,
R20-UX1992-371,5.13.3,171,+,80,,2020-04-08,,,,,,,,,,,,,,,,2,0,,,
R20-UX1992-372,5.13.4,172,+,90,,2020-04-15,,,,,,,,,,,,,,,,3,1,,,
R20-UX1992-373,5.14.1,173,+,90,,2020-04-12,,,,,,,,,,,,,,,,4,1,,,
R20-UX1992-374,5.14.2,122,+,80,,2020-04-11,,,,,,,,,,,,,,,,2,0,,,
R20-UX1992-375,5.14.3,121,+,80,,2020-04-10,,,,,,,,,,,,,,,,2,1,,,
R20-UX1992-376,5.14.4,145,+,80,,2020-04-17,,,,,,,,,,,,,,,,3,1,,,
R20-UX1992-377,5.15.1,194,+,85,,2020-04-10,,,,,,,,,,,,,,,,3,1,,,
R20-UX1992-378,5.15.2,123,+,80-0,,2020-04-08,,,,,,,,,,,,,,,,2,0,,,
R20-UX1992-379,5.15.3,135,+,92.5,,2020-04-10,,,,,,,,,,,,,,,,2,1,,,
R20-UX1992-380,5.15.4,134,+,80,,2020-04-09,,,,,,,,,,,,,,,,3,0,,,
R20-UX1992-381,5.16.1,133,+,85,,2020-04-09,,,,,,,,,,,,,,,,2,0,,,
R20-UX1992-382,5.16.2,137,+,80-0,,2020-04-13,,,,,,,,,,,,,,,,2,1,,,
R20-UX1992-383,5.16.3,138,+,75,,2020-04-10,,,,,,,,,,,,,,,,3,0,,,
R20-UX1992-384,5.16.4,142,+,75,,2020-04-10,,,,,,,,,,,,,,,,3,1,,,
R20-UX1992-385,5.17.1,188,+,90,,2020-04-15,,,,,,,,,,,,,,,,2,0,,,
R20-UX1992-386,5.17.2,124,+,85,,2020-04-13,,,,,,,,,,,,,,,,3,1,,,
R20-UX1992-387,5.17.3,125,+,85-0,,2020-04-12,,,,,,,,,,,,,,,,2,0,,,
R20-UX1992-388,5.17.4,126,+,75,,2020-04-12,,,,,,,,,,,,,,,,2,1,,,
R20-UX1992-389,5.18.1,129,+,75,,2020-04-10,,,,,,,,,,,,,,,,2,0,,,
R20-UX1992-390,5.18.2,131,+,90,,2020-04-08,,,,,,,,,,,,,,,,3,0,,,
R20-UX1992-391,5.18.3,130,+,75,,2020-04-07,,,,,,,,,,,,,,,,2,0,,,
R20-UX1992-392,5.18.4,150,+,75,,2020-04-11,,,,,,,,,,,,,,,,3,1,,,
R20-UX1992-393,5.19.1,151,+,72.5-0,,2020-04-14,,,,,,,,,,,,,,,,2,1,,,
R20-UX1992-394,5.19.2,149,+,80,,2020-04-14,,,,,,,,,,,,,,,,2,1,,,
R20-UX1992-395,5.19.3,152,+,75-0,,2020-04-14,,,,,,,,,,,,,,,,2,0,,,
R20-UX1992-396,5.19.4,153,+,82.5,,2020-04-14,,,,,,,,,,,,,,,,4,1,,,
R20-UX1992-397,5.20.1,154,+,85,,2020-04-14,,,,,,,,,,,,,,,,2,0,,,
R20-UX1992-398,5.20.2,155,+,72.5,,2020-04-10,,,,,,,,,,,,,,,,3,1,,,
R20-UX1992-399,5.20.3,156,+,77.5,,2020-04-13,,,,,,,,,,,,,,,,2,0,,,
R20-UX1992-400,5.20.4,157,+,72.5,,NA,,,,,,,,,,,,,,,,3,1,,,
R20-UX1992-401,6.1.1,Barley,.,,,,,,,,,,,,,,,,,,,,1,,,
R20-UX1992-402,6.1.2,GA06493-13LE6,+,75,,2020-04-10,,,,,,,,,,,,,,,,4,0,,,
R20-UX1992-403,6.1.3,Hillard,+,80,,2020-04-06,,,,,,,,,,,,,,,+ ,1,1,,,
R20-UX1992-404,6.1.4,GA06493-13LE6,+,70,,2020-04-10,,,,,,,,,,,,,,,+ ,4,1,,,
R20-UX1992-405,6.2.1,159,+,75,,2020-04-11,,,,,,,,,,,,,,,+ ,4,1,,,
R20-UX1992-406,6.2.2,160,+,72.5,,2020-04-10,,,,,,,,,,,,,,,+ ,3,1,,,
R20-UX1992-407,6.2.3,128,+,75,,2020-04-08,,,,,,,,,,,,,,,+ ,2,0,,,
R20-UX1992-408,6.2.4,147,+,80-0,,2020-04-10,,,,,,,,,,,,,,,+ ,2,1,,,
R20-UX1992-409,6.3.1,127,+,72.5,,2020-04-14,,,,,,,,,,,,,,,+ ,4,1,,,
R20-UX1992-410,6.3.2,189,+,75,,2020-04-09,,,,,,,,,,,,,,,+ ,1,0,,,
R20-UX1992-411,6.3.3,136,+,77.5,,2020-04-08,,,,,,,,,,,,,,,+ ,3,1,,,
R20-UX1992-412,6.3.4,190,+,77.5,,2020-04-11,,,,,,,,,,,,,,,+ ,2,0,,,
R20-UX1992-413,6.4.1,139,+,77.5,,2020-04-14,,,,,,,,,,,,,,,+ ,3,1,,,
R20-UX1992-414,6.4.2,140,+,80,,2020-04-09,,,,,,,,,,,,,,,+ ,2,0,,,
R20-UX1992-415,6.4.3,132,+,77.5,,2020-04-15,,,,,,,,,,,,,,,+ ,4,1,,,
R20-UX1992-416,6.4.4,101,+,80,,2020-04-12,,,,,,,,,,,,,,,+ ,3,0,,,
R20-UX1992-417,6.5.1,102,+,70,,2020-04-08,,,,,,,,,,,,,,,,3,0,,,
R20-UX1992-418,6.5.2,103,+,80,,2020-04-09,,,,,,,,,,,,,,,,1,1,,,
R20-UX1992-419,6.5.3,104,+,75,,2020-04-10,,,,,,,,,,,,,,,,3,0,,,
R20-UX1992-420,6.5.4,105,+,85,,2020-04-09,,,,,,,,,,,,,,,,1,0,,,
R20-UX1992-421,6.6.1,106,+,75,,2020-04-10,,,,,,,,,,,,,,,,2,1,,,
R20-UX1992-422,6.6.2,187,+,77.5,,2020-04-12,,,,,,,,,,,,,,,,2,0,,,
R20-UX1992-423,6.6.3,107,+,80,,2020-04-13,,,,,,,,,,,,,,,,2,0,,,
R20-UX1992-424,6.6.4,108,+,75-0,,2020-04-09,,,,,,,,,,,,,,,,2,1,,,
R20-UX1992-425,6.7.1,186,+,72.5,,2020-04-10,,,,,,,,,,,,,,,,3,1,,,
R20-UX1992-426,6.7.2,110,+,80,,2020-04-11,,,,,,,,,,,,,,,,3,0,,,
R20-UX1992-427,6.7.3,111,+,75,,2020-04-12,,,,,,,,,,,,,,,,3,1,,,
R20-UX1992-428,6.7.4,185,+,80,,2020-04-14,,,,,,,,,,,,,,,,2,0,,,
R20-UX1992-429,6.8.1,112,+,82.5,,2020-04-14,,,,,,,,,,,,,,,,4,1,,,
R20-UX1992-430,6.8.2,113,+,82.5,,2020-04-07,,,,,,,,,,,,,,,,1,0,,,
R20-UX1992-431,6.8.3,114,+,75,,2020-04-10,,,,,,,,,,,,,,,,4,1,,,
R20-UX1992-432,6.8.4,115,+,77.5,,2020-04-11,,,,,,,,,,,,,,,,4,0,,,
R20-UX1992-433,6.9.1,184,+,75,,2020-04-12,,,,,,,,,,,,,,,,1,0,,,
R20-UX1992-434,6.9.2,117,+,77.5,,2020-04-10,,,,,,,,,,,,,,,,1,1,,,
R20-UX1992-435,6.9.3,119,+,70,,2020-04-10,,,,,,,,,,,,,,,,3,1,,,
R20-UX1992-436,6.9.4,118,+,77.5,,2020-04-10,,,,,,,,,,,,,,,,2,1,,,
R20-UX1992-437,6.10.1,Hillard,+,80,,2020-04-08,,,,,,,,,,,,,,,,1,0,,,
R20-UX1992-438,6.10.2,120,+,75,,2020-04-08,,,,,,,,,,,,,,,,2,0,,,
R20-UX1992-439,6.10.3,89,+,80,,2020-04-07,,,,,,,,,,,,,,,,3,1,,,
R20-UX1992-440,6.10.4,88,+,75,,2020-04-14,,,,,,,,,,,,,,,,4,0,,,
R20-UX1992-441,6.11.1,87,+,85,,2020-04-09,,,,,,,,,,,,,,,,2,1,,,
R20-UX1992-442,6.11.2,86,+,85,,2020-04-08,,,,,,,,,,,,,,,,3,1,,,
R20-UX1992-443,6.11.3,85,+,80,,2020-04-08,,,,,,,,,,,,,,,,1,0,,,
R20-UX1992-444,6.11.4,84,+,82.5,,2020-04-13,,,,,,,,,,,,,,,,1,0,,,
R20-UX1992-445,6.12.1,97,+,75,,2020-04-09,,,,,,,,,,,,,,,,2,0,,,
R20-UX1992-446,6.12.2,96,+,90,,2020-04-08,,,,,,,,,,,,,,,,2,1,,,
R20-UX1992-447,6.12.3,GA06493-13LE6,+,82.5,,2020-04-09,,,,,,,,,,,,,,,,4,1,,,
R20-UX1992-448,6.12.4,99,+,75,,2020-04-14,,,,,,,,,,,,,,,,4,1,,,
R20-UX1992-449,6.13.1,100,+,75,,2020-04-12,,,,,,,,,,,,,,,,1,0,,,
R20-UX1992-450,6.13.2,98,+,77.5,,2020-04-07,,,,,,,,,,,,,,,,1,0,,,
R20-UX1992-451,6.13.3,95,+,80,,2020-04-08,,,,,,,,,,,,,,,,1,0,,,
R20-UX1992-452,6.13.4,94,+,75,,2020-04-11,,,,,,,,,,,,,,,,3,1,,,
R20-UX1992-453,6.14.1,92,+,85,,2020-04-10,,,,,,,,,,,,,,,,2,1,,,
R20-UX1992-454,6.14.2,93,+,80,,2020-04-09,,,,,,,,,,,,,,,,2,1,,,
R20-UX1992-455,6.14.3,62,+,85,,2020-04-06,,,,,,,,,,,,,,,,2,0,,,
R20-UX1992-456,6.14.4,61,+,75,,2020-04-09,,,,,,,,,,,,,,,,3,1,,,
R20-UX1992-457,6.15.1,63,+,82.5,,2020-04-11,,,,,,,,,,,,,,,,3,0,,,
R20-UX1992-458,6.15.2,66,+,85,,2020-04-13,,,,,,,,,,,,,,,,4,1,,,
R20-UX1992-459,6.15.3,65,+,85,,2020-04-10,,,,,,,,,,,,,,,,3,0,,,
R20-UX1992-460,6.15.4,81,+,80-0,,2020-04-15,,,,,,,,,,,,,,,,4,1,,,
R20-UX1992-461,6.16.1,67,+,65-0,,2020-04-10,,,,,,,,,,,,,,,,4,1,,,
R20-UX1992-462,6.16.2,69,+,80,,2020-04-07,,,,,,,,,,,,,,,,4,1,,,
R20-UX1992-463,6.16.3,70,+,80,,2020-04-08,,,,,,,,,,,,,,,,1,0,,,
R20-UX1992-464,6.16.4,71,+,75,,2020-04-10,,,,,,,,,,,,,,,,4,1,,,
R20-UX1992-465,6.17.1,68,+,80,,2020-04-09,,,,,,,,,,,,,,,,2,0,,,
R20-UX1992-466,6.17.2,72,+,85,,2020-04-09,,,,,,,,,,,,,,,,2,0,,,
R20-UX1992-467,6.17.3,74,+,90,,2020-04-09,,,,,,,,,,,,,,,,3,1,,,
R20-UX1992-468,6.17.4,76,+,82.5,,2020-04-11,,,,,,,,,,,,,,,,1,0,,,
R20-UX1992-469,6.18.1,91,+,75,,2020-04-10,,,,,,,,,,,,,,,,3,1,,,
R20-UX1992-470,6.18.2,75,+,80,,2020-04-08,,,,,,,,,,,,,,,,2,0,,,
R20-UX1992-471,6.18.3,77,+,85,,2020-04-10,,,,,,,,,,,,,,,,4,1,,,
R20-UX1992-472,6.18.4,90,+,80,,2020-04-11,,,,,,,,,,,,,,,,4,1,,,
R20-UX1992-473,6.19.1,83,+,70-0,,2020-04-08,,,,,,,,,,,,,,,,1,0,,,
R20-UX1992-474,6.19.2,78,+,80,,2020-04-10,,,,,,,,,,,,,,,,4,1,,,
R20-UX1992-475,6.19.3,79,+,80-0,,2020-04-07,,,,,,,,,,,,,,,,2,0,,,
R20-UX1992-476,6.19.4,80,+,75,,2020-04-12,,,,,,,,,,,,,,,,4,0,,,
R20-UX1992-477,6.20.1,82,+,70,,2020-04-12,,,,,,,,,,,,,,,,3,1,,,
R20-UX1992-478,6.20.2,42,+,80-0,,2020-04-06,,,,,,,,,,,,,,,,3,0,,,
R20-UX1992-479,6.20.3,41,+,85,,2020-04-10,,,,,,,,,,,,,,,,2,0,,,
R20-UX1992-480,6.20.4,43,+,75-0,,2020-04-10,,,,,,,,,,,,,,,,3,1,,,
R20-UX1992-481,7.1.1,Barley,.,,,,,,,,,,,,,,,,,,,,,,,
R20-UX1992-482,7.1.2,Hillard,+,85,,2020-04-06,,,,,,,,,,,,,,,,1,0,,,
R20-UX1992-483,7.1.3,GA06493-13LE6,+,80,,2020-04-07,,,,,,,,,,,,,,,,4,1,,,
R20-UX1992-484,7.1.4,Hillard,+,85,,2020-04-08,,,,,,,,,,,,,,,,4,0,,,
R20-UX1992-485,7.2.1,183,+,82.5,,2020-04-10,,,,,,,,,,,,,,,,4,1,,,
R20-UX1992-486,7.2.2,59,+,75,,2020-04-09,,,,,,,,,,,,,,,,1,0,,,
R20-UX1992-487,7.2.3,29,+,82.5,,2020-04-08,,,,,,,,,,,,,,,,2,1,,,
R20-UX1992-488,7.2.4,28,+,80,,2020-04-07,,,,,,,,,,,,,,,,2,1,,,
R20-UX1992-489,7.3.1,44,+,75,,2020-04-09,,,,,,,,,,,,,,,,4,1,,,
R20-UX1992-490,7.3.2,32,+,70,,2020-04-17,,,,,,,,,,,,,,,,4,0,,,
R20-UX1992-491,7.3.3,47,+,75,,2020-04-12,,,,,,,,,,,,,,,,4,1,,,
R20-UX1992-492,7.3.4,46,+,77.5,,2020-04-11,,,,,,,,,,,,,,,,4,0,,,
R20-UX1992-493,7.4.1,49,+,82.5,,2020-04-09,,,,,,,,,,,,,,,,2,0,,,
R20-UX1992-494,7.4.2,45,+,72.5-0,,2020-04-09,,,,,,,,,,,,,,,,3,1,,,
R20-UX1992-495,7.4.3,50,+,80,,2020-04-09,,,,,,,,,,,,,,,,2,1,,,
R20-UX1992-496,7.4.4,182,+,82.5,,2020-04-13,,,,,,,,,,,,,,,,2,0,,,
R20-UX1992-497,7.5.1,51,+,80,,2020-04-08,,,,,,,,,,,,,,,,2,0,,,
R20-UX1992-498,7.5.2,52,+,85,,2020-04-09,,,,,,,,,,,,,,,,4,1,,,
R20-UX1992-499,7.5.3,181,+,82.5,,2020-04-07,,,,,,,,,,,,,,,,2,0,,,
R20-UX1992-500,7.5.4,22,+,85,,2020-04-11,,,,,,,,,,,,,,,,3,1,,,
R20-UX1992-501,7.6.1,23,+,95,,2020-04-07,,,,,,,,,,,,,,,,4,1,,,
R20-UX1992-502,7.6.2,24,+,82.5,,2020-04-08,,,,,,,,,,,,,,,,4,1,,,
R20-UX1992-503,7.6.3,60,+,75,,2020-04-11,,,,,,,,,,,,,,,,1,0,,,
R20-UX1992-504,7.6.4,25,+,75,,2020-04-07,,,,,,,,,,,,,,,,2,1,,,
R20-UX1992-505,7.7.1,26,+,77.5,,2020-04-08,,,,,,,,,,,,,,,,3,0,,,
R20-UX1992-506,7.7.2,27,+,85,,2020-04-09,,,,,,,,,,,,,,,,3,1,,,
R20-UX1992-507,7.7.3,21,+,77.5-0,,2020-04-08,,,,,,,,,,,,,,,,2,0,,,
R20-UX1992-508,7.7.4,35,+,70-0,,2020-04-07,,,,,,,,,,,,,,,,2,0,,,
R20-UX1992-509,7.8.1,36,+,80,,2020-04-09,,,,,,,,,,,,,,,,4,0,,,
R20-UX1992-510,7.8.2,38,+,82.5,,2020-04-09,,,,,,,,,,,,,,,,1,0,,,
R20-UX1992-511,7.8.3,206,+,75,,2020-04-09,,,,,,,,,,,,,,,,3,0,,,
R20-UX1992-512,7.8.4,202,+,77.5,,2020-04-11,,,,,,,,,,,,,,,,3,0,,,
R20-UX1992-513,7.9.1,37,+,75,,2020-04-12,,,,,,,,,,,,,,,,3,0,,,
R20-UX1992-514,7.9.2,34,+,80,,2020-04-09,,,,,,,,,,,,,,,,3,0,,,
R20-UX1992-515,7.9.3,203,+,82.5,,2020-04-12,,,,,,,,,,,,,,,,4,1,,,
R20-UX1992-516,7.9.4,33,+,75,,2020-04-10,,,,,,,,,,,,,,,,4,1,,,
R20-UX1992-517,7.10.1,31,+,75,,2020-04-07,,,,,,,,,,,,,,,,4,1,,,
R20-UX1992-518,7.10.2,205,+,80,,2020-04-10,,,,,,,,,,,,,,,,4,1,,,
R20-UX1992-519,7.10.3,201,+,82.5,,2020-04-02,,,,,,,,,,,,,,,,1,0,,,
R20-UX1992-520,7.10.4,54,+,82.5-0,,2020-04-08,,,,,,,,,,,,,,,,2,0,,,
R20-UX1992-521,7.11.1,15,+,85,,2020-04-12,,,,,,,,,,,,,,,,4,1,,,
R20-UX1992-522,7.11.2,3,+,80,,2020-04-10,,,,,,,,,,,,,,,,1,0,,,
R20-UX1992-523,7.11.3,208,+,75-0,,2020-04-07,,,,,,,,,,,,,,,,2,0,,,
R20-UX1992-524,7.11.4,8,+,80,,2020-04-11,,,,,,,,,,,,,,,,4,1,,,
R20-UX1992-525,7.12.1,204,+,77.5-0,,2020-04-09,,,,,,,,,,,,,,,,2,0,,,
R20-UX1992-526,7.12.2,9,+,75,,2020-04-11,,,,,,,,,,,,,,,,4,1,,,
R20-UX1992-527,7.12.3,10,+,80,,2020-04-10,,,,,,,,,,,,,,,,3,1,,,
R20-UX1992-528,7.12.4,6,+,90,,2020-04-06,,,,,,,,,,,,,,,,3,0,,,
R20-UX1992-529,7.13.1,55,+,85,,2020-04-08,,,,,,,,,,,,,,,,3,1,,,
R20-UX1992-530,7.13.2,16,+,85,,2020-04-08,,,,,,,,,,,,,,,,3,0,,,
R20-UX1992-531,7.13.3,57,+,80,,2020-04-07,,,,,,,,,,,,,,,,3,,,,
R20-UX1992-532,7.13.4,17,+,82.5,,2020-04-11,,,,,,,,,,,,,,,,3,0,,,
R20-UX1992-533,7.14.1,56,+,75,,2020-04-11,,,,,,,,,,,,,,,,4,1,,,
R20-UX1992-534,7.14.2,14,+,75,,2020-04-13,,,,,,,,,,,,,,,,4,1,,,
R20-UX1992-535,7.14.3,13,+,77.5,,2020-04-12,,,,,,,,,,,,,,,,3,0,,,
R20-UX1992-536,7.14.4,18,+,80,,2020-04-12,,,,,,,,,,,,,,,,3,0,,,
R20-UX1992-537,7.15.1,12,+,77.5,,2020-04-10,,,,,,,,,,,,,,,,2,0,,,
R20-UX1992-538,7.15.2,11,+,77.5,,2020-04-08,,,,,,,,,,,,,,,,4,1,,,
R20-UX1992-539,7.15.3,19,+,80,,2020-04-08,,,,,,,,,,,,,,,,3,1,,,
R20-UX1992-540,7.15.4,20,+,80,,2020-04-02,,,,,,,,,,,,,,,,1,0,,,
R20-UX1992-541,7.16.1,7,+,85,,2020-04-05,,,,,,,,,,,,,,,,2,0,,,
R20-UX1992-542,7.16.2,5,+,70-0,,2020-04-13,,,,,,,,,,,,,,,,2,1,,,
R20-UX1992-543,7.16.3,2,+,80,,2020-04-13,,,,,,,,,,,,,,,,4,1,,,
R20-UX1992-544,7.16.4,Blank,.,,,,,,,,,,,,,,,,,,,,,,,
R20-Ux1994-545,7.17.1,Hillard,+,82.5,,2020-04-07,,,,,,,,,,,,,,,+ ,,,,,
R20-Ux1994-546,7.17.2,SS8641,-,82.5,,2020-04-08,,,,,,,,,,,,,,, -,,,,,
R20-Ux1994-547,7.17.3,GA06493-13LE6,+,85,,2020-04-08,,,,,,,,,,,,,,,+ ,,,,,
R20-Ux1994-548,7.17.4,SS8641,-,82.5,,2020-04-08,,,,,,,,,,,,,,, -,,,,,
R20-Ux1994-549,7.18.1,198,-,85,,2020-04-05,,,,,,,,,,,,,,, -,,,,,
R20-Ux1994-550,7.18.2,199,-,80,,2020-04-06,,,,,,,,,,,,,,, -,,,,,
R20-Ux1994-551,7.18.3,200,+,82.5,,2020-04-08,,,,,,,,,,,,,,,+ ,,,,,
R20-Ux1994-552,7.18.4,196,+,80,,2020-04-06,,,,,,,,,,,,,,,+ ,,,,,
R20-Ux1994-553,7.19.1,195,-,82.5-0,,2020-04-05,,,,,,,,,,,,,,, -,,,,,
R20-Ux1994-554,7.19.2,194,-,80,,2020-04-07,,,,,,,,,,,,,,, Mix ,,,,,
R20-Ux1994-555,7.19.3,193,-,85-0,,2020-04-06,,,,,,,,,,,,,,, -,,,,,
R20-Ux1994-556,7.19.4,101,+,82.5,,2020-04-09,,,,,,,,,,,,,,,+ ,,,,,
R20-Ux1994-557,7.20.1,102,+,85,,2020-04-12,,,,,,,,,,,,,,,+ ,,,,,
R20-Ux1994-558,7.20.2,192,-,80,,2020-04-06,,,,,,,,,,,,,,, -,,,,,
R20-Ux1994-559,7.20.3,103,+,75,,2020-04-05,,,,,,,,,,,,,,,+ ,,,,,
R20-Ux1994-560,7.20.4,191,-,85,,2020-04-08,,,,,,,,,,,,,,, -,,,,,
R20-Ux1994-561,8.1.1,Barley,.,,,,,,,,,,,,,,,,,,,,,,,
R20-Ux1994-562,8.1.2,GA06493-13LE6,+,87.5,,2020-04-08,,,,,,,,,,,,,,,+ ,,,,,
R20-Ux1994-563,8.1.3,SS8641,-,85,,2020-04-06,,,,,,,,,,,,,,, -,,,,,
R20-Ux1994-564,8.1.4,GA06493-13LE6,+,85,,2020-04-08,,,,,,,,,,,,,,,+ ,,,,,
R20-Ux1994-565,8.2.1,105,+,85,,2020-04-05,,,,,,,,,,,,,,,+ ,,,,,
R20-Ux1994-566,8.2.2,104,+,90,,2020-04-08,,,,,,,,,,,,,,,+ ,,,,,
R20-Ux1994-567,8.2.3,106,+,85,,2020-04-08,,,,,,,,,,,,,,,+ ,,,,,
R20-Ux1994-568,8.2.4,107,+,90,,2020-04-07,,,,,,,,,,,,,,,+ ,,,,,
R20-Ux1994-569,8.3.1,108,-,85,,2020-04-06,,,,,,,,,,,,,,, Mix ,,,,,
R20-Ux1994-570,8.3.2,109,+,90,,2020-04-09,,,,,,,,,,,,,,,+ ,,,,,
R20-Ux1994-571,8.3.3,111,+,85,,2020-04-07,,,,,,,,,,,,,,,+ ,,,,,
R20-Ux1994-572,8.3.4,112,+,85,,2020-04-07,,,,,,,,,,,,,,,+ ,,,,,
R20-Ux1994-573,8.4.1,113,+,85,,2020-04-10,,,,,,,,,,,,,,,+ ,,,,,
R20-Ux1994-574,8.4.2,114,+,95,,2020-04-07,,,,,,,,,,,,,,,+ ,,,,,
R20-Ux1994-575,8.4.3,115,+,90,,2020-04-08,,,,,,,,,,,,,,,+ ,,,,,
R20-Ux1994-576,8.4.4,110,+,90,,2020-04-08,,,,,,,,,,,,,,,+ ,,,,,
R20-Ux1994-577,8.5.1,148,-,80,,2020-04-09,,,,,,,,,,,,,,,+ ,,,,,
R20-Ux1994-578,8.5.2,133,+,95,,2020-04-05,,,,,,,,,,,,,,, -,,,,,
R20-Ux1994-579,8.5.3,120,-,85-0,,2020-04-06,,,,,,,,,,,,,,,+ ,,,,,
R20-Ux1994-580,8.5.4,116,+,82.5,,2020-04-10,,,,,,,,,,,,,,, -,,,,,
R20-Ux1994-581,8.6.1,119,-,85,,2020-04-04,,,,,,,,,,,,,,, -,,,,,
R20-Ux1994-582,8.6.2,118,+,90,,2020-04-07,,,,,,,,,,,,,,,+ ,,,,,
R20-Ux1994-583,8.6.3,117,+,85,,2020-04-06,,,,,,,,,,,,,,,+ ,,,,,
R20-Ux1994-584,8.6.4,190,-,85-0,,2020-04-05,,,,,,,,,,,,,,, -,,,,,
R20-Ux1994-585,8.7.1,145,+,85,,2020-04-06,,,,,,,,,,,,,,,+ ,,,,,
R20-Ux1994-586,8.7.2,146,+,85,,2020-04-09,,,,,,,,,,,,,,,+ ,,,,,
R20-Ux1994-587,8.7.3,150,-,82.5,,2020-04-08,,,,,,,,,,,,,,, -,,,,,
R20-Ux1994-588,8.7.4,149,-,85,,2020-04-06,,,,,,,,,,,,,,, -,,,,,
R20-Ux1994-589,8.8.1,151,-,85,,2020-04-08,,,,,,,,,,,,,,, -,,,,,
R20-Ux1994-590,8.8.2,147,-,82.5-0,,2020-04-06,,,,,,,,,,,,,,, -,,,,,
R20-Ux1994-591,8.8.3,135,+,80,,2020-04-06,,,,,,,,,,,,,,,+ ,,,,,
R20-Ux1994-592,8.8.4,189,-,80-0,,2020-04-09,,,,,,,,,,,,,,, -,,,,,
R20-Ux1994-593,8.9.1,188,+,75,,2020-04-08,,,,,,,,,,,,,,,+ ,,,,,
R20-Ux1994-594,8.9.2,187,-,82.5,,2020-04-04,,,,,,,,,,,,,,, Mix ,,,,,
R20-Ux1994-595,8.9.3,185,-,85,,2020-04-03,,,,,,,,,,,,,,, -,,,,,
R20-Ux1994-596,8.9.4,144,+,90,,2020-04-09,,,,,,,,,,,,,,,+ ,,,,,
R20-Ux1994-597,8.10.1,184,-,75,,2020-04-06,,,,,,,,,,,,,,, -,,,,,
R20-Ux1994-598,8.10.2,140,+,90,,2020-04-05,,,,,,,,,,,,,,,+ ,,,,,
R20-Ux1994-599,8.10.3,183,-,90,,2020-04-06,,,,,,,,,,,,,,, -,,,,,
R20-Ux1994-600,8.10.4,SS8641,-,85,,2020-04-07,,,,,,,,,,,,,,, -,,,,,
R20-Ux1994-601,8.11.1,182,-,75,,2020-04-09,,,,,,,,,,,,,,, -,,,,,
R20-Ux1994-602,8.11.2,139,+,70-0,,2020-04-04,,,,,,,,,,,,,,,+ ,,,,,
R20-Ux1994-603,8.11.3,138,+,80,,2020-04-03,,,,,,,,,,,,,,,+ ,,,,,
R20-Ux1994-604,8.11.4,141,+,80,,2020-04-08,,,,,,,,,,,,,,,+ ,,,,,
R20-Ux1994-605,8.12.1,137,+,75,,2020-04-10,,,,,,,,,,,,,,,+ ,,,,,
R20-Ux1994-606,8.12.2,155,-,85,,2020-04-05,,,,,,,,,,,,,,, -,,,,,
R20-Ux1994-607,8.12.3,153,+,90,,2020-04-07,,,,,,,,,,,,,,,+ ,,,,,
R20-Ux1994-608,8.12.4,136,+,90,,2020-04-05,,,,,,,,,,,,,,,+ ,,,,,
R20-Ux1994-609,8.13.1,143,-,80-0,,2020-04-10,,,,,,,,,,,,,,, -,,,,,
R20-Ux1994-610,8.13.2,142,+,82.5,,2020-04-08,,,,,,,,,,,,,,,+ ,,,,,
R20-Ux1994-611,8.13.3,134,+,85,,2020-04-06,,,,,,,,,,,,,,,+ ,,,,,
R20-Ux1994-612,8.13.4,152,-,90,,2020-04-08,,,,,,,,,,,,,,, -,,,,,
R20-Ux1994-613,8.14.1,83,-,75-0,,2020-04-08,,,,,,,,,,,,,,,+ ,,,,,
R20-Ux1994-614,8.14.2,157,-,80-0,,2020-04-09,,,,,,,,,,,,,,, -,,,,,
R20-Ux1994-615,8.14.3,174,-,85,,2020-04-06,,,,,,,,,,,,,,, -,,,,,
R20-Ux1994-616,8.14.4,159,-,80,,2020-04-09,,,,,,,,,,,,,,, -,,,,,
R20-Ux1994-617,8.15.1,158,+,87.5-0,,2020-04-06,,,,,,,,,,,,,,,+ ,,,,,
R20-Ux1994-618,8.15.2,GA06493-13LE6,+,90,,2020-04-08,,,,,,,,,,,,,,,+ ,,,,,
R20-Ux1994-619,8.15.3,160,+,90,,2020-04-06,,,,,,,,,,,,,,,+ ,,,,,
R20-Ux1994-620,8.15.4,132,+,85,,2020-04-06,,,,,,,,,,,,,,,+ ,,,,,
R20-Ux1994-621,8.16.1,180,+,85,,2020-04-08,,,,,,,,,,,,,,,+ ,,,,,
R20-Ux1994-622,8.16.2,81,-,80,,2020-04-03,,,,,,,,,,,,,,, -,,,,,
R20-Ux1994-623,8.16.3,82,-,87.5,,2020-04-08,,,,,,,,,,,,,,, -,,,,,
R20-Ux1994-624,8.16.4,177,-,82.5,,2020-04-08,,,,,,,,,,,,,,,+ ,,,,,
R20-Ux1994-625,8.17.1,167,+,72.5,,2020-04-07,,,,,,,,,,,,,,,+ ,,,,,
R20-Ux1994-626,8.17.2,131,+,90,,2020-04-07,,,,,,,,,,,,,,,+ ,,,,,
R20-Ux1994-627,8.17.3,130,+,87.5,,2020-04-09,,,,,,,,,,,,,,,+ ,,,,,
R20-Ux1994-628,8.17.4,172,-,85,,2020-04-09,,,,,,,,,,,,,,,+ ,,,,,
R20-Ux1994-629,8.18.1,161,-,85-0,,2020-04-06,,,,,,,,,,,,,,, -,,,,,
R20-Ux1994-630,8.18.2,175,-,85-0,,2020-04-04,,,,,,,,,,,,,,, -,,,,,
R20-Ux1994-631,8.18.3,129,+,80,,2020-04-07,,,,,,,,,,,,,,,+ ,,,,,
R20-Ux1994-632,8.18.4,128,+,95,,2020-04-08,,,,,,,,,,,,,,,+ ,,,,,
R20-Ux1994-633,8.19.1,165,-,85,,2020-04-08,,,,,,,,,,,,,,,+ ,,,,,
R20-Ux1994-634,8.19.2,166,-,80-0,,2020-04-06,,,,,,,,,,,,,,, -,,,,,
R20-Ux1994-635,8.19.3,170,-,90-0,,2020-04-09,,,,,,,,,,,,,,, Mix ,,,,,
R20-Ux1994-636,8.19.4,173,+,85-0,,2020-04-09,,,,,,,,,,,,,,,+ ,,,,,
R20-Ux1994-637,8.20.1,171,+,82.5,,2020-04-04,,,,,,,,,,,,,,,+ ,,,,,
R20-Ux1994-638,8.20.2,176,-,85-0,,2020-04-04,,,,,,,,,,,,,,, -,,,,,
R20-Ux1994-639,8.20.3,179,-,90-0,,2020-04-07,,,,,,,,,,,,,,,+ ,,,,,
R20-Ux1994-640,8.20.4,169,-,82.5,,2020-04-08,,,,,,,,,,,,,,, Mix ,,,,,
R20-Ux1994-641,9.1.1,Barley,.,,,,,,,,,,,,,,,,,,,,,,,
R20-Ux1994-642,9.1.2,SS8641,-,85,,2020-04-06,,,,,,,,,,,,,,, -,,,,,
R20-Ux1994-643,9.1.3,GA06493-13LE6,+,90,,2020-04-08,,,,,,,,,,,,,,,+ ,,,,,
R20-Ux1994-644,9.1.4,SS8641,-,85,,2020-04-07,,,,,,,,,,,,,,, -,,,,,
R20-Ux1994-645,9.2.1,168,-,82.5,,2020-04-06,,,,,,,,,,,,,,, -,,,,,
R20-Ux1994-646,9.2.2,164,-,85,,2020-04-08,,,,,,,,,,,,,,, Mix ,,,,,
R20-Ux1994-647,9.2.3,162,-,80-0,,2020-04-09,,,,,,,,,,,,,,, -,,,,,
R20-Ux1994-648,9.2.4,178,+,77.5,,2020-04-06,,,,,,,,,,,,,,,+ ,,,,,
R20-Ux1994-649,9.3.1,77,-,85-0,,2020-04-06,,,,,,,,,,,,,,, Mix ,,,,,
R20-Ux1994-650,9.3.2,72,-,77.5-0,,2020-04-07,,,,,,,,,,,,,,, -,,,,,
R20-Ux1994-651,9.3.3,79,-,80,,2020-04-08,,,,,,,,,,,,,,, -,,,,,
R20-Ux1994-652,9.3.4,76,-,77.5,,2020-04-08,,,,,,,,,,,,,,, -,,,,,
R20-Ux1994-653,9.4.1,123,-,80,,2020-04-07,,,,,,,,,,,,,,, -,,,,,
R20-Ux1994-654,9.4.2,80,+,87.5,,2020-04-05,,,,,,,,,,,,,,,+ ,,,,,
R20-Ux1994-655,9.4.3,75,-,87.5,,2020-04-11,,,,,,,,,,,,,,, -,,,,,
R20-Ux1994-656,9.4.4,74,+,85,,2020-04-08,,,,,,,,,,,,,,,+ ,,,,,
R20-Ux1994-657,9.5.1,73,-,82.5-0,,2020-04-08,,,,,,,,,,,,,,, -,,,,,
R20-Ux1994-658,9.5.2,126,-,85,,2020-04-08,,,,,,,,,,,,,,, -,,,,,
R20-Ux1994-659,9.5.3,86,-,75-0,,2020-04-08,,,,,,,,,,,,,,, -,,,,,
R20-Ux1994-660,9.5.4,87,-,82.5,,2020-04-08,,,,,,,,,,,,,,, -,,,,,
R20-Ux1994-661,9.6.1,88,+,85,,2020-04-07,,,,,,,,,,,,,,,+ ,,,,,
R20-Ux1994-662,9.6.2,163,-,90,,2020-04-06,,,,,,,,,,,,,,, -,,,,,
R20-Ux1994-663,9.6.3,89,+,80-0,,2020-04-07,,,,,,,,,,,,,,,+ ,,,,,
R20-Ux1994-664,9.6.4,90,-,75,,2020-04-09,,,,,,,,,,,,,,, -,,,,,
R20-Ux1994-665,9.7.1,91,-,85,,2020-04-07,,,,,,,,,,,,,,, -,,,,,
R20-Ux1994-666,9.7.2,127,-,85,,2020-04-06,,,,,,,,,,,,,,,+ ,,,,,
R20-Ux1994-667,9.7.3,93,+,95,,2020-04-06,,,,,,,,,,,,,,,+ ,,,,,
R20-Ux1994-668,9.7.4,95,+,95,,2020-04-05,,,,,,,,,,,,,,,+ ,,,,,
R20-Ux1994-669,9.8.1,96,+,95,,2020-04-06,,,,,,,,,,,,,,,+ ,,,,,
R20-Ux1994-670,9.8.2,97,-,90,,2020-04-08,,,,,,,,,,,,,,, -,,,,,
R20-Ux1994-671,9.8.3,62,+,85,,2020-04-06,,,,,,,,,,,,,,,+ ,,,,,
R20-Ux1994-672,9.8.4,98,+,85,,2020-04-06,,,,,,,,,,,,,,,+ ,,,,,
R20-Ux1994-673,9.9.1,94,?,90,,2020-04-06,,,,,,,,,,,,,,,+ ,,,,,
R20-Ux1994-674,9.9.2,99,+,85,,2020-04-05,,,,,,,,,,,,,,,+ ,,,,,
R20-Ux1994-675,9.9.3,100,-,85,,2020-04-08,,,,,,,,,,,,,,, -,,,,,
R20-Ux1994-676,9.9.4,61,-,85-0,,2020-04-07,,,,,,,,,,,,,,, -,,,,,
R20-Ux1994-677,9.10.1,124,-,80,,2020-04-07,,,,,,,,,,,,,,,+ ,,,,,
R20-Ux1994-678,9.10.2,63,-,90,,2020-04-09,,,,,,,,,,,,,,,+ ,,,,,
R20-Ux1994-679,9.10.3,64,+,92.5,,2020-04-06,,,,,,,,,,,,,,,+ ,,,,,
R20-Ux1994-680,9.10.4,SS8641,-,85,,2020-04-05,,,,,,,,,,,,,,, -,,,,,
R20-Ux1994-681,9.11.1,65,-,90,,2020-04-07,,,,,,,,,,,,,,, -,,,,,
R20-Ux1994-682,9.11.2,66,+,87.5,,2020-04-08,,,,,,,,,,,,,,,+ ,,,,,
R20-Ux1994-683,9.11.3,125,-,85,,2020-04-05,,,,,,,,,,,,,,, -,,,,,
R20-Ux1994-684,9.11.4,71,+,85,,2020-04-06,,,,,,,,,,,,,,,+ ,,,,,
R20-Ux1994-685,9.12.1,70,-,85,,2020-04-06,,,,,,,,,,,,,,, Mix ,,,,,
R20-Ux1994-686,9.12.2,92,-,80,,2020-04-04,,,,,,,,,,,,,,, -,,,,,
R20-Ux1994-687,9.12.3,GA06493-13LE6,+,85,,2020-04-09,,,,,,,,,,,,,,,+ ,,,,,
R20-Ux1994-688,9.12.4,23,+,80,,2020-04-08,,,,,,,,,,,,,,,+ ,,,,,
R20-Ux1994-689,9.13.1,69,-,80-0,,2020-04-07,,,,,,,,,,,,,,, -,,,,,
R20-Ux1994-690,9.13.2,68,+,90,,2020-04-08,,,,,,,,,,,,,,,+ ,,,,,
R20-Ux1994-691,9.13.3,67,-,85,,2020-04-06,,,,,,,,,,,,,,,+ ,,,,,
R20-Ux1994-692,9.13.4,30,+,80,,2020-04-10,,,,,,,,,,,,,,,+ ,,,,,
R20-Ux1994-693,9.14.1,34,-,80,,2020-04-07,,,,,,,,,,,,,,, -,,,,,
R20-Ux1994-694,9.14.2,35,-,80,,2020-04-09,,,,,,,,,,,,,,, -,,,,,
R20-Ux1994-695,9.14.3,31,+,82.5,,2020-04-07,,,,,,,,,,,,,,,+ ,,,,,
R20-Ux1994-696,9.14.4,33,+,82.5,,2020-04-07,,,,,,,,,,,,,,,+ ,,,,,
R20-Ux1994-697,9.15.1,32,+,85,,2020-04-05,,,,,,,,,,,,,,,+ ,,,,,
R20-Ux1994-698,9.15.2,29,+,85-0,,2020-04-08,,,,,,,,,,,,,,,+ ,,,,,
R20-Ux1994-699,9.15.3,38,+,82.5-0,,2020-04-07,,,,,,,,,,,,,,,+ ,,,,,
R20-Ux1994-700,9.15.4,37,+,82.5,,2020-04-08,,,,,,,,,,,,,,,+ ,,,,,
R20-Ux1994-701,9.16.1,28,+,75-0,,2020-04-07,,,,,,,,,,,,,,,+ ,,,,,
R20-Ux1994-702,9.16.2,27,+,85-0,,2020-04-03,,,,,,,,,,,,,,,+ ,,,,,
R20-Ux1994-703,9.16.3,26,+,85,,2020-04-07,,,,,,,,,,,,,,,+ ,,,,,
R20-Ux1994-704,9.16.4,25,+,82.5,,2020-04-09,,,,,,,,,,,,,,,+ ,,,,,
R20-Ux1994-705,9.17.1,24,+,90,,2020-04-08,,,,,,,,,,,,,,,+ ,,,,,
R20-Ux1994-706,9.17.2,22,+,85,,2020-04-05,,,,,,,,,,,,,,,+ ,,,,,
R20-Ux1994-707,9.17.3,21,-,90,,2020-04-06,,,,,,,,,,,,,,, -,,,,,
R20-Ux1994-708,9.17.4,46,+,85,,2020-04-08,,,,,,,,,,,,,,,+ ,,,,,
R20-Ux1994-709,9.18.1,47,-,85,,2020-04-08,,,,,,,,,,,,,,,+ ,,,,,
R20-Ux1994-710,9.18.2,48,+,90,,2020-04-08,,,,,,,,,,,,,,,+ ,,,,,
R20-Ux1994-711,9.18.3,49,-,80,,2020-04-06,,,,,,,,,,,,,,,+ ,,,,,
R20-Ux1994-712,9.18.4,60,+,80,,2020-04-07,,,,,,,,,,,,,,,+ ,,,,,
R20-Ux1994-713,9.19.1,45,+,90,,2020-04-06,,,,,,,,,,,,,,,+ ,,,,,
R20-Ux1994-714,9.19.2,36,+,85,,2020-04-07,,,,,,,,,,,,,,,+ ,,,,,
R20-Ux1994-715,9.19.3,50,-,85,,2020-04-08,,,,,,,,,,,,,,,+ ,,,,,
R20-Ux1994-716,9.19.4,59,+,80,,2020-04-08,,,,,,,,,,,,,,,+ ,,,,,
R20-Ux1994-717,9.20.1,58,-,85,,2020-04-05,,,,,,,,,,,,,,, -,,,,,
R20-Ux1994-718,9.20.2,57,-,85,,2020-04-08,,,,,,,,,,,,,,, -,,,,,
R20-Ux1994-719,9.20.3,51,+,80,,2020-04-07,,,,,,,,,,,,,,,+ ,,,,,
R20-Ux1994-720,9.20.4,56,-,82.5,,2020-04-08,,,,,,,,,,,,,,, -,,,,,
R20-Ux1994-721,10.1.1,Barley,.,,,,,,,,,,,,,,,,,,,,,,,
R20-Ux1994-722,10.1.2,GA06493-13LE6,+,90,,2020-04-07,,,,,,,,,,,,,,,+ ,,,,,
R20-Ux1994-723,10.1.3,SS8641,-,85,,2020-04-04,,,,,,,,,,,,,,, -,,,,,
R20-Ux1994-724,10.1.4,GA06493-13LE6,+,90,,2020-04-07,,,,,,,,,,,,,,,+ ,,,,,
R20-Ux1994-725,10.2.1,52,-,87.5,,2020-04-06,,,,,,,,,,,,,,,+ ,,,,,
R20-Ux1994-726,10.2.2,55,-,85,,2020-04-04,,,,,,,,,,,,,,, -,,,,,
R20-Ux1994-727,10.2.3,54,+,87.5,,2020-04-06,,,,,,,,,,,,,,,+ ,,,,,
R20-Ux1994-728,10.2.4,53,+,85,,2020-04-06,,,,,,,,,,,,,,,+ ,,,,,
R20-Ux1994-729,10.3.1,208,-,90,,2020-04-09,,,,,,,,,,,,,,, -,,,,,
R20-Ux1994-730,10.3.2,39,-,77.5-0,,2020-04-08,,,,,,,,,,,,,,, -,,,,,
R20-Ux1994-731,10.3.3,7,+,85,,2020-04-07,,,,,,,,,,,,,,,+ ,,,,,
R20-Ux1994-732,10.3.4,214,-,80,,2020-04-09,,,,,,,,,,,,,,, -,,,,,
R20-Ux1994-733,10.4.1,215,-,85,,2020-04-05,,,,,,,,,,,,,,, Mix ,,,,,
R20-Ux1994-734,10.4.2,213,-,87.5-0,,2020-04-08,,,,,,,,,,,,,,, -,,,,,
R20-Ux1994-735,10.4.3,40,-,87.5,,2020-04-05,,,,,,,,,,,,,,, -,,,,,
R20-Ux1994-736,10.4.4,12,+,90,,2020-04-05,,,,,,,,,,,,,,,+ ,,,,,
R20-Ux1994-737,10.5.1,13,+,90,,2020-04-07,,,,,,,,,,,,,,,+ ,,,,,
R20-Ux1994-738,10.5.2,14,+,85,,2020-04-05,,,,,,,,,,,,,,,+ ,,,,,
R20-Ux1994-739,10.5.3,11,+,90-0,,2020-04-06,,,,,,,,,,,,,,,+ ,,,,,
R20-Ux1994-740,10.5.4,15,+,80,,2020-04-06,,,,,,,,,,,,,,,+ ,,,,,
R20-Ux1994-741,10.6.1,16,+,85,,2020-04-06,,,,,,,,,,,,,,,+ ,,,,,
R20-Ux1994-742,10.6.2,17,+,95,,2020-04-05,,,,,,,,,,,,,,,+ ,,,,,
R20-Ux1994-743,10.6.3,19,+,90,,2020-04-04,,,,,,,,,,,,,,,+ ,,,,,
R20-Ux1994-744,10.6.4,20,+,85,,2020-04-06,,,,,,,,,,,,,,,+ ,,,,,
R20-Ux1994-745,10.7.1,18,+,85,,2020-04-07,,,,,,,,,,,,,,,+ ,,,,,
R20-Ux1994-746,10.7.2,207,+,92.5,,2020-04-08,,,,,,,,,,,,,,,+ ,,,,,
R20-Ux1994-747,10.7.3,10,+,85,,2020-04-08,,,,,,,,,,,,,,,+ ,,,,,
R20-Ux1994-748,10.7.4,9,+,80,,2020-04-08,,,,,,,,,,,,,,,+ ,,,,,
R20-Ux1994-749,10.8.1,8,+,90,,2020-04-09,,,,,,,,,,,,,,,+ ,,,,,
R20-Ux1994-750,10.8.2,201,-,90,,2020-04-06,,,,,,,,,,,,,,, -,,,,,
R20-Ux1994-751,10.8.3,202,-,85,,2020-04-06,,,,,,,,,,,,,,,+ ,,,,,
R20-Ux1994-752,10.8.4,203,-,90,,2020-04-05,,,,,,,,,,,,,,, -,,,,,
R20-Ux1994-753,10.9.1,204,-,87.5,,2020-04-06,,,,,,,,,,,,,,, -,,,,,
R20-Ux1994-754,10.9.2,205,-,80,,2020-04-06,,,,,,,,,,,,,,, -,,,,,
R20-Ux1994-755,10.9.3,181,+,85,,2020-04-06,,,,,,,,,,,,,,,+ ,,,,,
R20-Ux1994-756,10.9.4,206,-,85,,2020-04-07,,,,,,,,,,,,,,, -,,,,,
R20-Ux1994-757,10.10.1,121,-,82.5,,2020-04-06,,,,,,,,,,,,,,, -,,,,,
R20-Ux1994-758,10.10.2,122,-,85,,2020-04-05,,,,,,,,,,,,,,, -,,,,,
R20-Ux1994-759,10.10.3,41,+,85-0,,2020-04-07,,,,,,,,,,,,,,,+ ,,,,,
R20-Ux1994-760,10.10.4,43,+,80-0,,2020-04-07,,,,,,,,,,,,,,,+ ,,,,,
R20-Ux1994-761,10.11.1,42,+,80-0,,2020-04-07,,,,,,,,,,,,,,,+ ,,,,,
R20-Ux1994-762,10.11.2,44,+,85,,2020-04-06,,,,,,,,,,,,,,,+ ,,,,,
R20-Ux1994-763,10.11.3,1,-,80-0,,2020-04-05,,,,,,,,,,,,,,, -,,,,,
R20-Ux1994-764,10.11.4,4,-,80-0,,2020-04-07,,,,,,,,,,,,,,, -,,,,,
R20-Ux1994-765,10.12.1,2,+,85,,2020-04-05,,,,,,,,,,,,,,,+ ,,,,,
R20-Ux1994-766,10.12.2,3,+,85,,2020-04-06,,,,,,,,,,,,,,,+ ,,,,,
R20-Ux1994-767,10.12.3,5,-,85,,2020-04-05,,,,,,,,,,,,,,, -,,,,,
R20-Ux1994-768,10.12.4,6,+,82.5,,2020-04-05,,,,,,,,,,,,,,,+ ,,,,,
R20-Ux1994-769,10.13.1,209,-,70-0,,2020-04-10,,,,,,,,,,,,,,, -,,,,,
R20-Ux1994-770,10.13.2,211,-,75-0,,2020-04-08,,,,,,,,,,,,,,, -,,,,,
R20-Ux1994-771,10.13.3,210,-,80,,2020-04-05,,,,,,,,,,,,,,, -,,,,,
R20-Ux1994-772,10.13.4,212,+,90,,2020-04-08,,,,,,,,,,,,,,,+ ,,,,,
R20-Ux1994-773,10.14.1,217,+,85-0,,2020-04-06,,,,,,,,,,,,,,, -,,,,,
R20-Ux1994-774,10.14.2,219,-,85,,2020-04-08,,,,,,,,,,,,,,,+ ,,,,,
R20-Ux1994-775,10.14.3,218,+,85,,2020-04-06,,,,,,,,,,,,,,,+ ,,,,,
R20-Ux1994-776,10.14.4,216,-,90,,2020-04-11,,,,,,,,,,,,,,,+ ,,,,,
R20-Ux1994-777,10.15.1,SS8641,-,85,,2020-04-09,,,not ss8641,/storage/emulated/0/fieldBook/plot_data/R20-T1-10_XM/photos/R20-Ux1994-777_picture_1_2020-03-02-02-36-27.jpg,,,,,,,,,,,+ ,,,,,
R20-Ux1994-778,10.15.2,GA06493-13LE6,+,82.5,,2020-04-05,,,switched with 15.1,,,,,,,,,,,, -,,,,,
R20-SP-779,10.15.3,PI372498,-,120,,2020-04-07,,,,/storage/emulated/0/fieldBook/plot_data/R20-T1-10_XM/photos/R20-SP-779_picture_1_2020-03-02-02-35-55.jpg,,,,,,,,,,, -,,,,,
R20-SP-780,10.15.4,PI372498,-,125,,2020-04-09,,,,,,,,,,,,,,, -,,,,,
R20-SP-781,10.16.1,PI25989,+,120,,2020-04-20,,,,/storage/emulated/0/fieldBook/plot_data/R20-T1-10_XM/photos/R20-SP-781_picture_1_2020-03-02-02-36-38.jpg,,,,,,,,,,,,,,,,
R20-SP-782,10.16.2,PI25989,+,120,,2020-04-20,,,,,,,,,,,,,,,,,,,,
R20-SP-783,10.16.3,PI351241,+,105,,2020-04-28,,,,/storage/emulated/0/fieldBook/plot_data/R20-T1-10_XM/photos/R20-SP-783_picture_1_2020-03-02-02-36-45.jpg,,,,,,,,,,,,,,,,
R20-SP-784,10.16.4,PI351241,+,110,,2020-04-24,,,,,,,,,,,,,,,,,,,,
R20-SP-785,10.17.1,CItr14451,-,125,,2020-04-18,,,,/storage/emulated/0/fieldBook/plot_data/R20-T1-10_XM/photos/R20-SP-785_picture_1_2020-03-02-02-36-54.jpg,,,,,,,,,,, -,,,,,
R20-SP-786,10.17.2,CItr14451,-,120,,2020-04-19,,,,,,,,,,,,,,, -,,,,,
R20-SP-787,10.17.3,PI107608,+,110,,2020-04-18,,,,/storage/emulated/0/fieldBook/plot_data/R20-T1-10_XM/photos/R20-SP-787_picture_1_2020-03-02-02-37-01.jpg,,,,,,,,,,,+ ,,,,,
R20-SP-788,10.17.4,PI107608,+,105,,2020-04-18,,,,,,,,,,,,,,,+ ,,,,,
R20-SP-789,10.18.1,PI36586,-,115,,2020-04-21,,,,/storage/emulated/0/fieldBook/plot_data/R20-T1-10_XM/photos/R20-SP-789_picture_1_2020-03-02-02-37-08.jpg,,,,,,,,,,, -,,,,,
R20-SP-790,10.18.2,PI36586,-,115,,2020-04-21,,,,,,,,,,,,,,, -,,,,,
R20-SP-791,10.18.3,PI274505,-,110,,2020-04-12,,,,/storage/emulated/0/fieldBook/plot_data/R20-T1-10_XM/photos/R20-SP-791_picture_1_2020-03-02-02-37-16.jpg,,,,,,,,,,, -,,,,,
R20-SP-792,10.18.4,PI274505,-,105,,2020-04-12,,,,,,,,,,,,,,, -,,,,,
R20-SP-793,10.19.1,PI231118,-,105,,2020-04-21,,,,/storage/emulated/0/fieldBook/plot_data/R20-T1-10_XM/photos/R20-SP-793_picture_1_2020-03-02-02-37-24.jpg,,,,,,,,,,,,,,,,
R20-SP-794,10.19.2,PI231118,-,115,,2020-04-21,,,,,,,,,,,,,,,,,,,,
R20-SP-795,10.19.3,PI565223,-,115,,2020-04-06,,,,/storage/emulated/0/fieldBook/plot_data/R20-T1-10_XM/photos/R20-SP-795_picture_1_2020-03-02-02-37-32.jpg,,,,,,,,,,, -,,,,,
R20-SP-796,10.19.4,PI565223,-,115,,2020-04-09,,,,,,,,,,,,,,, -,,,,,
R20-SP-797,10.20.1,PI192463,+,120,,2020-04-22,,,,/storage/emulated/0/fieldBook/plot_data/R20-T1-10_XM/photos/R20-SP-797_picture_1_2020-03-02-02-37-41.jpg,,,,,,,,,,,+ ,,,,,
R20-SP-798,10.20.2,PI192463,+,125,,2020-04-21,,,,,,,,,,,,,,,+ ,,,,,
R20-SP-799,10.20.3,PI525282,-,115,,2020-04-06,,,,/storage/emulated/0/fieldBook/plot_data/R20-T1-10_XM/photos/R20-SP-799_picture_1_2020-03-02-02-37-48.jpg,,,,,,,,,,, -,,,,,
R20-SP-800,10.20.4,PI525282,-,120,,2020-04-10,,,,,,,,,,,,,,, -,,,,,